sn,resp_id,site,fokontany,resp_hhd,hhd_vborn,hhd_vres,hhd_marital,hh_age,dist2park,hh_size,resp_age,resp_gender,resp_lit,resp_edu_yr,resp_occup,education,no_rooms,house_qual,tlu,food_sec,paddy,access_light,mplayer,coba_mem
1,AMP001,Ampahitra,Ampahitra,1,0,4,3,8,-1703,3,49,1,1,4,4,0,1,1,0.01,10,0,1,0,1
2,AMP003,Ampahitra,Ampahitra,1,0,2,1,2,-2713,8,30,1,1,3,1,0,1,1,0.1,9,0,2,1,0
3,AMP004,Ampahitra,Ampahitra,1,0,5,1,5,-1279,6,27,1,1,4,1,0,1,1,2.32,10,1,4,0,0
4,AMP005,Ampahitra,Ampahitra,1,0,2,1,1,-1332,6,22,1,1,2,1,0,2,1,0.44,6,0,2,0,0
5,AMP008,Ampahitra,Ampahitra,1,1,,1,8,-2357,10,45,1,0,0,1,0,1,1,0,3,1,0,1,0
6,AMP010,Ampahitra,Ampahitra,1,0,4,1,4,-705,8,60,1,0,0,1,0,2,1,0,3,0,1,1,0
7,AMP011,Ampahitra,Ampahitra,1,0,1,1,1,-1596,7,68,1,0,0,1,0,2,1,0.05,4,0,2,1,0
8,AMP014,Ampahitra,Ampahitra,1,0,2,1,2,-2390,7,35,1,0,0,1,0,2,1,0.13,5,0,2,1,0
9,AMP015,Ampahitra,Ampahitra,1,0,5,1,5,-644,12,54,1,1,7,1,1,1,1,0.3,6,0,1,1,2
10,AMP016,Ampahitra,Ampahitra,,0,10,1,3,-1112,3,21,1,0,0,1,0,10,1,0.12,12,0,3,0,1
11,AMP018,Ampahitra,Ampahitra,1,0,1,1,1,-2949,5,-98,1,0,0,1,0,1,1,0.02,7,0,1,0,0
12,AMP020,Ampahitra,Ampahitra,1,0,5,1,5,-772,5,45,1,1,3,1,0,1,1,0.01,4,0,1,0,0
13,AMP022,Ampahitra,Ampahitra,1,0,7,1,1,-1336,5,25,1,0,0,4,0,2,1,0.02,3,1,2,1,0
14,AMP024,Ampahitra,Ampahitra,1,0,5,4,5,-910,1,35,1,1,9,1,1,1,1,0,3,0,2,0,1
15,AMP025,Ampahitra,Ampahitra,1,0,6,1,6,-1074,8,32,1,1,3,1,0,2,1,4.8,12,0,4,0,0
16,AMP026,Ampahitra,Ampahitra,1,0,10,1,10,-1410,11,32,1,1,2,1,0,2,1,4.34,12,1,2,1,0
17,AMP028,Ampahitra,Ampahitra,1,0,25,1,20,-76,7,39,1,1,5,1,0,3,1,0.1,2,0,4,1,0
18,AMP031,Ampahitra,Ampahitra,0,0,2,1,2,-61,4,32,0,1,6,1,1,1,1,0.02,11,0,4,1,0
19,AMP032,Ampahitra,Ampahitra,1,1,,1,6,-79,4,23,1,1,4,1,0,1,1,0.07,6,0,3,0,0
20,AMP034,Ampahitra,Ampahitra,1,0,14,1,10,-111,4,51,1,1,4,1,0,1,1,0.56,10,0,2,0,0
21,AMP036,Ampahitra,Ampahitra,1,0,18,1,16,86,6,42,0,0,0,1,0,1,1,0.05,5,0,3,0,1
22,AMP037,Ampahitra,Ampahitra,1,0,25,1,10,81,5,38,0,0,0,1,0,1,1,0,3,0,2,0,1
23,AMP039,Ampahitra,Ampahitra,1,0,7,1,7,-998,8,30,1,0,0,1,0,1,1,0.63,4,0,3,1,1
24,AMP041,Ampahitra,Ampahitra,1,0,42,4,39,-905,7,58,1,0,0,1,0,1,1,0.43,6,1,2,1,0
25,AMP043,Ampahitra,Ampahitra,1,0,11,1,11,146,5,40,1,1,2,1,0,1,1,0.01,4,0,3,0,0
26,AMP045,Ampahitra,Ampahitra,1,0,24,1,24,74,3,67,1,1,12,1,1,2,1,0.03,9,1,3,0,0
27,AMP047,Ampahitra,Ampahitra,1,1,,1,3,515,4,22,1,1,6,1,1,2,1,0.04,5,0,1,0,0
28,AMP049,Ampahitra,Ampahitra,1,0,3,1,8,94,7,40,1,0,0,1,0,3,1,0.05,5,0,3,1,0
29,AMP051,Ampahitra,Ampahitra,1,0,5,2,4,-491,3,22,1,1,7,1,1,0,0,0,6,0,1,0,0
30,AMP053,Ampahitra,Ampahitra,1,0,13,1,18,-115,10,45,1,1,9,1,1,2,1,0.53,8,0,3,0,1
31,AMP056,Ampahitra,Ampahitra,1,0,14,3,14,238,2,50,0,0,0,4,0,1,1,0.02,2,0,1,0,0
32,AMP057,Ampahitra,Ampahitra,1,0,30,1,11,-75,7,58,1,0,0,1,0,1,1,0.81,3,0,1,0,1
33,AMP060,Ampahitra,Ampahitra,0,0,1,1,1,114,4,36,0,1,2,1,0,2,1,0.08,3,0,1,0,0
34,AMP061,Ampahitra,Ampahitra,1,1,,1,34,2481,6,50,1,0,0,4,0,1,1,0.08,10,0,2,0,2
35,AMP062,Ampahitra,Ampahitra,1,1,,1,45,2555,5,65,1,0,0,1,0,2,1,0.03,3,0,1,0,0
36,AMP066,Ampahitra,Ampahitra,1,1,,1,15,1673,6,35,1,0,0,1,0,2,1,0.13,10,1,1,0,1
37,AMP068,Ampahitra,Ampahitra,1,0,2,1,2,-48,4,22,1,1,2,4,0,1,1,0.2,8,0,1,0,0
38,AMP069,Ampahitra,Ampahitra,1,0,4,1,4,2985,2,53,1,1,4,1,0,2,1,4.3,11.5,1,4,1,0
39,AMP073,Ampahitra,Ampahitra,1,0,30,1,30,3934,2,68,0,0,0,1,0,3,1,14.23,12,1,3,1,2
40,AMP075,Ampahitra,Ampahitra,1,1,,1,7,1502,3,25,1,1,1,1,0,1,1,0.03,2,0,2,1,0
41,AMP077,Ampahitra,Ampahitra,1,0,45,1,14,1455,3,59,1,0,0,1,0,1,1,0.28,11,1,3,1,0
42,AMP078,Ampahitra,Ampahitra,1,0,20,1,14,1104,7,60,1,0,0,1,0,1,1,0.03,8,0,3,1,1
43,AMP083,Ampahitra,Ampahitra,1,1,,1,19,4728,9,44,1,1,5,1,0,1,1,0.01,5,1,3,1,0
44,AMP085,Ampahitra,Ampahitra,1,1,,1,25,2388,8,40,0,0,0,1,0,1,1,0.06,6,1,1,0,1
45,AMP087,Ampahitra,Ampahitra,1,1,,1,4,3255,3,28,1,0,0,1,0,1,1,0.1,7,0,1,0,0
46,AMP088,Ampahitra,Ampahitra,1,1,,1,2,2550,3,20,1,1,3,4,0,2,1,0.02,8,1,3,1,0
47,AMP091,Ampahitra,Ampahitra,1,0,30,1,12,3170,9,36,1,0,0,1,0,1,1,0.06,7,1,3,0,1
48,AMP093,Ampahitra,Ampahitra,1,1,,1,17,2878,9,35,1,0,0,4,0,1,1,0,4,1,2,1,1
49,AMP096,Ampahitra,Ampahitra,1,0,3,1,1,2424,5,21,1,0,0,1,0,2,1,0.42,4,1,3,0,1
50,AMP097,Ampahitra,Ampahitra,1,1,,1,18,661,4,46,1,1,2,1,0,2,1,0.12,12,0,2,0,0
51,AMP099,Ampahitra,Ampahitra,1,0,14,1,14,2424,8,38,1,0,0,1,0,1,1,5.16,10,1,2,0,0
52,AMP102,Ampahitra,Ampahitra,1,0,25,1,25,2083,8,67,1,1,13,1,1,1,1,1.65,12,0,3,1,2
53,AMP103,Ampahitra,Ampahitra,1,1,,1,10,2424,7,35,1,0,0,1,0,1,1,0.1,7,0,1,1,0
54,AMP106,Ampahitra,Ampahitra,1,0,1,1,4,-414,3,30,1,0,0,1,0,2,1,0.07,3,0,2,1,1
55,AMP108,Ampahitra,Ampahitra,1,0,2,1,2,321,6,28,1,1,2,1,0,1,1,0.04,4,0,2,0,0
56,AMP111,Ampahitra,Ampahitra,1,0,10,1,2,-447,3,23,1,0,0,1,0,1,1,0,3,0,1,0,0
57,AMP115,Ampahitra,Ampahitra,1,0,1,1,1,518,3,21,1,0,0,1,0,1,1,0.02,4,0,1,0,0
58,AMP116,Ampahitra,Ampahitra,1,1,,1,26,364,10,56,1,0,0,1,0,1,1,0.1,6,0,2,0,0
59,AMP119,Ampahitra,Ampahitra,1,1,,1,15,1276,8,46,1,0,0,4,0,1,1,0.02,2,1,1,0,0
60,AMP122,Ampahitra,Ampahitra,1,1,,1,41,1424,11,62,1,1,1,1,0,1,1,0.02,3,1,3,1,0
61,AMP125,Ampahitra,Ampahitra,1,1,,1,1,76,2,20,1,1,2,1,0,2,1,1.45,1,0,3,1,1
62,AMP127,Ampahitra,Ampahitra,1,1,,1,3,74,3,20,1,0,0,1,0,2,1,0.05,6,0,2,1,1
63,AMP128,Ampahitra,Ampahitra,1,1,,1,10,921,7,30,1,1,4,1,0,1,1,1.8,4,0,1,1,0
64,AMP131,Ampahitra,Ampahitra,1,0,28,1,7,25,6,28,1,0,0,1,0,0,1,0.04,4,0,0,0,1
65,AMP132,Ampahitra,Ampahitra,1,0,43,1,43,910,2,70,1,1,4,1,0,3,2,0.04,7,0,1,0,1
66,AMP133,Ampahitra,Ampahitra,1,0,4,1,13,591,5,45,1,1,7,1,1,1,1,0.42,8,0,1,0,1
67,AMP136,Ampahitra,Ampahitra,1,0,15,1,6,86,7,41,1,1,5,1,0,2,1,0.52,11,0,2,1,2
68,AMP137,Ampahitra,Ampahitra,1,1,,1,8,63,4,24,1,0,0,1,0,1,1,0.08,11,0,3,1,1
69,AMP139,Ampahitra,Ampahitra,1,1,,1,2,-19,5,22,1,0,0,1,0,2,1,0.05,4,0,0,0,0
70,AMP141,Ampahitra,Ampahitra,1,1,,4,11,95,4,33,0,1,3,1,0,2,2,0,7,1,3,0,1
71,AMP142,Ampahitra,Ampahitra,1,0,33,1,29,95,6,49,1,1,5,1,0,2,1,2.13,8,1,3,0,2
72,AMP145,Ampahitra,Ampahitra,1,1,,1,15,-101,7,38,1,0,0,1,0,2,1,0.76,10,1,3,0,1
73,AMP147,Ampahitra,Ampahitra,1,1,,1,3,169,3,23,1,0,0,1,0,3,1,0.03,3,0,1,1,0
74,AMP149,Ampahitra,Ampahitra,1,0,2,1,3,-66,3,23,1,1,3,1,0,1,1,2.1,3,0,2,0,0
75,AMP152,Ampahitra,Ampahitra,1,0,8,1,8,-1042,3,28,1,1,2,1,0,1,1,0.03,3,0,3,0,0
76,AMP153,Ampahitra,Ampahitra,1,0,2,1,2,-170,8,38,1,0,0,1,0,1,1,0.72,2,0,2,1,0
77,AMP155,Ampahitra,Ampahitra,1,0,10,1,9,-1081,7,32,1,1,5,1,0,1,1,2.31,4,0,2,0,0
78,AMP157,Ampahitra,Ampahitra,1,0,6,1,6,-2173,4,44,1,1,4,1,0,2,1,3.63,9,1,2,0,0
79,AMP158,Ampahitra,Ampahitra,1,0,2,1,5,-149,4,23,1,0,0,1,0,1,1,0.02,3,0,1,0,0
80,AMP159,Ampahitra,Ampahitra,1,0,7,1,7,-1100,7,30,0,0,0,1,0,2,1,0.04,10,0,3,0,0
81,AMP160,Ampahitra,Ampahitra,1,0,7,1,6,-1371,6,42,1,1,3,1,0,1,1,0.14,2,0,1,0,0
82,AMP164,Ampahitra,Ampahitra,1,0,18,1,7,1801,5,35,1,1,3,1,0,1,1,1.48,5,0,0,0,0
83,AMP165,Ampahitra,Ampahitra,1,0,18,1,18,1655,5,53,1,0,0,1,0,3,1,0.74,3,0,2,0,0
84,AMP169,Ampahitra,Ampahitra,1,0,1,1,1,2435,6,38,1,1,5,4,0,1,1,0.04,3,0,2,0,0
85,AMP170,Ampahitra,Ampahitra,1,0,18,1,4,578,8,32,1,0,0,1,0,2,1,0.09,6,0,1,0,0
86,AMP172,Ampahitra,Ampahitra,1,0,1,1,1,1314,3,20,1,0,0,4,0,1,1,0.01,3,0,3,1,0
87,AMP173,Ampahitra,Ampahitra,1,0,10,1,9,2575,6,28,1,1,2,1,0,1,1,0.06,4,0,2,0,0
88,AMP174,Ampahitra,Ampahitra,1,0,25,1,8,2293,5,28,1,0,0,1,0,2,1,0.03,3,0,0,0,0
89,AMP176,Ampahitra,Ampahitra,1,0,5,1,5,971,5,22,1,0,0,1,0,1,1,0.72,3,0,3,0,0
90,AMP179,Ampahitra,Ampahitra,1,0,14,1,14,1882,6,50,1,0,0,1,0,1,1,0.1,2,0,2,0,0
91,AMP180,Ampahitra,Ampahitra,1,0,4,1,3,1017,4,33,1,0,0,1,0,1,1,0,1,0,1,0,0
92,AMP184,Ampahitra,Ampahitra,1,0,15,1,2,979,5,23,1,0,0,1,0,1,1,0.22,6,0,1,0,0
93,AMP187,Ampahitra,Ampahitra,1,0,9,1,2,1306,4,21,1,0,0,1,0,1,1,0.2,3,0,3,0,0
94,AMP188,Ampahitra,Ampahitra,1,0,11,1,11,1321,9,37,1,0,0,1,0,3,1,0.03,1,1,1,1,0
95,AMP189,Ampahitra,Ampahitra,1,0,16,1,16,2298,8,41,1,1,4,1,0,2,1,0.04,8,1,1,0,0
96,AMP192,Ampahitra,Ampahitra,1,0,10,1,10,1255,8,42,1,1,2,1,0,2,1,1.5,5,0,1,1,0
97,AMP194,Ampahitra,Ampahitra,1,0,14,1,14,1003,6,56,1,1,4,1,0,2,2,0.1,4,0,1,0,0
98,AMP196,Ampahitra,Ampahitra,1,0,7,1,7,2271,10,30,1,1,5,1,0,1,1,2.27,5,1,0,0,0
99,AMP197,Ampahitra,Ampahitra,1,0,18,1,18,985,10,37,1,0,0,1,0,3,1,2.68,7,0,1,0,0
100,AMP200,Ampahitra,Ampahitra,1,0,16,1,13,-379,7,60,1,1,5,1,0,3,1,0.06,6,1,1,0,0
101,AMP201,Ampahitra,Ampahitra,1,0,25,1,15,455,9,86,1,1,5,1,0,1,1,3.06,9,0,3,0,0
102,AMP203,Ampahitra,Ampahitra,1,0,9,1,9,-970,6,59,1,1,5,1,0,2,1,5.18,8,0,2,1,0
103,AMB001,Zahamena,Ambodivoangy,1,1,,1,5,2456,2,38,1,1,5,1,0,2,1,0.02,6,1,1,0,0
104,AMB002,Zahamena,Ambodivoangy,1,0,40,3,38,2330,7,58,0,1,1,1,0,2,2,1.62,9,1,1,0,0
105,AMB003,Zahamena,Ambodivoangy,1,1,,1,13,2418,7,32,1,1,3,1,0,2,2,0.24,9,1,1,0,0
106,AMB004,Zahamena,Ambodivoangy,1,0,-98,1,38,2382,9,52,1,1,2,1,0,1,1,0.03,8,0,1,0,0
107,AMB005,Zahamena,Ambodivoangy,1,0,12,3,38,2485,8,52,0,0,0,1,0,1,1,0.04,9,1,1,0,1
108,AMB006,Zahamena,Ambodivoangy,1,1,,1,14,2401,7,28,1,1,3,1,0,2,1,0.01,9,1,1,0,0
109,AMB007,Zahamena,Ambodivoangy,1,1,,1,8,2429,4,32,1,1,3,1,0,2,1,0.22,8,0,1,0,0
110,AMB008,Zahamena,Ambodivoangy,1,1,,1,8,2498,6,26,1,1,2,1,0,2,1,0,6,1,0,0,0
111,AMB009,Zahamena,Ambodivoangy,1,1,,1,49,2315,5,78,1,1,1,1,0,3,2,0.01,8,1,1,0,0
112,AMB010,Zahamena,Ambodivoangy,1,1,,1,13,2262,6,38,1,1,5,1,0,2,2,0.02,10,1,1,0,0
113,AMB011,Zahamena,Ambodivoangy,1,1,,1,13,2324,9,36,1,1,9,1,1,4,2,0.04,8,1,3,0,0
114,AMB012,Zahamena,Ambodivoangy,1,1,,1,3,2048,4,24,1,1,3,1,0,2,1,0.05,9,0,1,0,0
115,AMB013,Zahamena,Ambodivoangy,1,1,,1,2,1998,6,33,1,1,1,1,0,2,1,0.02,8,1,0,0,0
116,AMB014,Zahamena,Ambodivoangy,1,1,,1,4,2088,5,28,1,1,6,1,1,2,1,0.01,8,0,3,0,0
117,AMB015,Zahamena,Ambodivoangy,1,0,-98,3,26,2323,4,58,0,0,0,1,0,2,1,0.2,7,0,1,0,1
118,AMB016,Zahamena,Ambodivoangy,1,1,,1,31,2315,8,42,1,1,5,1,0,2,2,0.06,9,1,1,0,2
119,AMB017,Zahamena,Ambodivoangy,1,1,,1,52,2313,4,75,1,1,9,1,1,9,2,1.48,9,1,1,0,0
120,AMB018,Zahamena,Ambodivoangy,1,1,,1,16,2328,7,41,1,1,6,1,1,2,1,0.03,8,1,3,0,0
121,AMB019,Zahamena,Ambodivoangy,1,1,,1,6,2252,8,52,1,0,0,1,0,2,1,0.02,8,0,1,0,1
122,AMB020,Zahamena,Ambodivoangy,1,1,,1,10,2294,3,39,1,1,1,1,0,2,1,0.04,9,0,1,0,0
123,AMB021,Zahamena,Ambodivoangy,1,1,,1,10,2358,8,35,1,1,3,1,0,2,1,0.27,5,0,1,0,0
124,AMB022,Zahamena,Ambodivoangy,0,1,,1,2,2717,7,42,1,1,4,1,0,3,2,0.21,6,0,1,0,0
125,AMB023,Zahamena,Ambodivoangy,1,1,,1,25,2351,7,44,1,1,5,1,0,2,1,0.01,9,0,1,0,0
126,AMB024,Zahamena,Ambodivoangy,1,1,,1,39,2250,3,70,1,1,4,1,0,2,2,0.1,4,0,1,0,0
127,AMB025,Zahamena,Ambodivoangy,1,1,,1,3,2494,3,24,1,1,9,1,1,3,1,0.06,10,0,3,1,0
128,AMB026,Zahamena,Ambodivoangy,1,1,,1,28,2006,9,57,1,1,4,1,0,3,2,0.7,7,1,1,1,0
129,AMB027,Zahamena,Ambodivoangy,1,1,,1,6,2098,4,40,1,0,0,1,0,2,1,0.02,3,0,1,0,0
130,AMB028,Zahamena,Ambodivoangy,1,0,20,3,43,2071,7,62,1,1,2,1,0,2,1,0.03,2,1,3,0,0
131,AMB029,Zahamena,Ambodivoangy,1,0,20,1,20,2089,7,43,1,1,2,4,0,3,1,0.04,2,1,1,1,0
132,AMB030,Zahamena,Ambodivoangy,1,0,5,1,20,2083,9,42,1,1,1,1,0,5,2,0.02,4,0,1,0,0
133,AMB031,Zahamena,Ambodivoangy,1,1,,1,44,2269,8,61,1,1,5,1,0,4,2,0.04,9,0,1,1,0
134,AMB032,Zahamena,Ambodivoangy,1,0,4,1,1,2207,3,28,1,1,12,2,1,5,2,0,12,0,3,1,0
135,AMB033,Zahamena,Ambodivoangy,1,1,,3,60,2458,1,80,0,0,0,5,0,1,1,0,4,0,2,0,0
136,AMB034,Zahamena,Ambodivoangy,1,1,,3,1,2403,3,26,0,1,3,1,0,3,1,0.07,4,0,1,0,0
137,AMB035,Zahamena,Ambodivoangy,1,0,4,1,3,2506,4,26,1,0,0,1,0,3,1,0.07,4,1,3,0,0
138,AMB036,Zahamena,Ambodivoangy,1,1,,1,3,2475,7,30,1,1,1,1,0,2,1,0.3,2,1,1,0,0
139,AMB037,Zahamena,Ambodivoangy,1,1,,1,35,2433,7,68,1,1,0,1,0,2,1,1.36,5,0,1,1,0
140,AMB038,Zahamena,Ambodivoangy,1,1,,4,6,2493,4,53,0,1,4,4,0,2,1,0.02,4,0,1,0,0
141,AMB039,Zahamena,Ambodivoangy,1,1,,3,60,910,7,78,0,0,0,1,0,4,2,0.07,3,0,3,0,0
142,AMB040,Zahamena,Ambodivoangy,1,1,,1,3,763,8,54,1,1,6,1,1,5,2,1.68,9,1,2,1,2
143,AMB041,Zahamena,Ambodivoangy,1,1,,4,7,2256,2,33,1,1,3,1,0,3,1,0.03,7,0,1,0,0
144,AMB042,Zahamena,Ambodivoangy,1,1,,1,20,2203,7,31,1,1,2,1,0,3,1,0.48,6,0,1,0,0
145,AMB043,Zahamena,Ambodivoangy,1,1,,1,12,2260,6,34,1,1,5,5,0,3,1,0.24,6,0,3,0,0
146,AMB044,Zahamena,Ambodivoangy,1,1,,3,16,2276,10,84,0,0,0,1,0,2,1,0.02,12,1,1,0,0
147,AMB045,Zahamena,Ambodivoangy,1,0,2,5,2,2309,2,32,0,1,5,1,0,2,1,0.01,6,0,3,0,0
148,AMB046,Zahamena,Ambodivoangy,1,1,,1,10,2293,7,30,1,0,0,1,0,3,2,2.51,11,0,1,0,0
149,AMB047,Zahamena,Ambodivoangy,1,1,,1,5,2318,3,27,1,1,9,2,1,3,1,0.2,8,1,1,0,0
150,AMB048,Zahamena,Ambodivoangy,1,1,,1,35,2408,6,54,1,1,3,1,0,3,2,0.23,5,1,3,1,0
151,AMB049,Zahamena,Ambodivoangy,1,1,,1,40,2051,3,61,1,1,2,1,0,3,2,0.03,7,1,3,0,0
152,AMB050,Zahamena,Ambodivoangy,1,1,,1,12,2025,5,28,1,1,3,1,0,2,1,0.02,5,0,3,0,0
153,AMB051,Zahamena,Ambodivoangy,1,1,,1,9,2019,8,36,1,1,5,1,0,1,1,0.21,6,0,3,0,0
154,AMB052,Zahamena,Ambodivoangy,1,1,,1,4,2384,4,25,1,1,3,1,0,2,1,0.02,5,0,2,0,0
155,AMB053,Zahamena,Ambodivoangy,1,1,,1,14,2503,9,35,1,1,4,1,0,2,2,0.02,3,1,3,1,0
156,AMB054,Zahamena,Ambodivoangy,1,1,,1,42,2494,7,60,1,1,2,1,0,3,2,0.03,6,0,3,0,0
157,AMB055,Zahamena,Ambodivoangy,1,1,,4,17,2499,5,43,0,1,4,1,0,1,2,0.02,5,0,3,0,0
158,AMB056,Zahamena,Ambodivoangy,1,1,,1,14,2481,8,33,1,1,3,1,0,3,1,0.06,9,0,3,1,0
159,AMB057,Zahamena,Ambodivoangy,1,1,,1,8,2255,6,31,1,1,1,1,0,3,1,0.02,9,0,3,0,0
160,AMB058,Zahamena,Ambodivoangy,1,1,,1,40,2297,4,62,1,1,1,4,0,3,1,0.05,3,0,3,0,0
161,AMB059,Zahamena,Ambodivoangy,1,1,,1,7,2270,4,28,1,1,4,1,0,3,1,3.25,8,1,3,1,0
162,AMB060,Zahamena,Ambodivoangy,1,1,,1,14,2294,8,35,1,1,3,1,0,2,1,1.04,7,0,3,1,0
163,AMB061,Zahamena,Ambodivoangy,1,1,,1,25,2477,4,44,1,1,2,1,0,3,1,0.04,9,1,2,0,0
164,AMB062,Zahamena,Ambodivoangy,1,1,,1,2,1534,4,28,1,1,5,1,0,3,1,0.04,8,0,3,1,0
165,AMB063,Zahamena,Ambodivoangy,1,1,,1,43,2353,6,60,1,1,2,1,0,2,1,0.92,8,1,3,0,0
166,AMB064,Zahamena,Ambodivoangy,1,1,,1,3,2277,3,25,1,1,7,1,1,2,1,0.27,10,1,3,1,0
167,AMB065,Zahamena,Ambodivoangy,1,1,,1,5,2294,3,25,1,1,5,1,0,2,1,0.21,7,0,2,0,0
168,AMB066,Zahamena,Ambodivoangy,1,1,,1,22,2324,8,42,1,1,5,1,0,2,2,0.01,9,1,3,0,0
169,AMB067,Zahamena,Ambodivoangy,1,1,,1,9,2500,6,25,1,1,5,1,0,2,1,0.05,6,0,4,0,0
170,AMB068,Zahamena,Ambodivoangy,1,1,,5,5,1975,5,45,0,0,0,4,0,1,1,0,2,0,0,0,0
171,AMB069,Zahamena,Ambodivoangy,1,1,,1,27,2488,8,51,1,1,2,1,0,2,1,0.02,7,0,2,0,0
172,AMB070,Zahamena,Ambodivoangy,1,1,,1,10,2451,5,33,1,1,3,1,0,1,1,0.02,5,1,2,0,0
173,AMB071,Zahamena,Ambodivoangy,1,1,,1,40,2504,8,61,1,1,2,4,0,2,1,0.04,6,1,4,1,0
174,AMB072,Zahamena,Ambodivoangy,1,1,,1,7,1977,5,33,1,1,2,1,0,2,1,0.02,5,1,2,0,0
175,AMB073,Zahamena,Ambodivoangy,1,1,,1,11,2048,8,39,1,1,1,1,0,3,1,0.08,10,1,4,0,0
176,AMB074,Zahamena,Ambodivoangy,1,1,,3,-100,2037,8,62,1,1,2,1,0,3,1,0,4,0,2,0,0
177,AMB075,Zahamena,Ambodivoangy,1,1,,1,40,2126,3,67,1,1,1,1,0,2,1,0.02,3,0,2,0,0
178,AMB076,Zahamena,Ambodivoangy,1,1,,1,21,2332,8,44,1,1,10,7,1,2,2,0.03,12,0,4,1,0
179,AMB077,Zahamena,Ambodivoangy,1,1,,3,-100,2467,6,54,0,1,3,1,0,2,1,0.02,5,0,1,1,0
180,AMB078,Zahamena,Ambodivoangy,1,1,,1,10,2486,5,28,1,1,2,1,0,2,1,0.06,7,1,4,0,0
181,AMB079,Zahamena,Ambodivoangy,1,1,,1,8,2429,5,29,1,1,3,1,0,2,1,0.09,6,1,2,0,0
182,AMB080,Zahamena,Ambodivoangy,1,1,,1,16,2328,6,35,1,1,5,1,0,3,1,0.09,7,0,3,0,0
183,AMB081,Zahamena,Ambodivoangy,1,1,,1,25,2269,10,53,1,1,5,4,0,2,1,0.09,10,1,3,0,0
184,AMB082,Zahamena,Ambodivoangy,1,1,,1,3,2276,2,29,1,1,10,7,1,2,2,0.05,12,1,2,1,0
185,AMB083,Zahamena,Ambodivoangy,1,1,,1,7,2347,6,32,1,1,5,1,0,3,1,0.07,9,1,2,0,0
186,AMB084,Zahamena,Ambodivoangy,1,1,,1,32,2298,10,56,1,1,2,1,0,2,2,0.09,8,0,4,0,0
187,AMB085,Zahamena,Ambodivoangy,1,1,,1,6,2287,5,35,1,1,3,1,0,3,1,0.25,9,0,4,0,0
188,AMB086,Zahamena,Ambodivoangy,1,1,,1,14,2228,8,35,1,1,5,1,0,3,1,3.08,10,0,2,0,0
189,AMB087,Zahamena,Ambodivoangy,1,1,,4,-100,2212,4,45,0,1,6,1,1,2,1,0.02,5,0,3,0,0
190,AMB088,Zahamena,Ambodivoangy,1,1,,1,7,2295,6,34,1,1,5,1,0,3,1,0.2,10,0,4,1,0
191,ANT001,Zahamena,Antevibe,1,0,4,1,4,1878,6,26,1,1,9,1,1,3,2,0.21,8,1,1,0,1
192,ANT002,Zahamena,Antevibe,1,1,,1,-98,2012,3,64,1,0,0,1,0,4,2,0,6,1,1,0,0
193,ANT003,Zahamena,Antevibe,1,1,,1,25,2048,5,47,1,1,5,1,0,1,2,0.03,3,0,1,0,0
194,ANT004,Zahamena,Antevibe,1,1,,1,4,2060,5,37,1,1,2,1,0,2,1,0,7,0,1,0,0
195,ANT005,Zahamena,Antevibe,1,1,,1,14,1840,6,35,1,1,4,1,0,2,1,0,6,0,1,0,0
196,ANT006,Zahamena,Antevibe,1,1,,3,9,1841,3,52,0,1,3,1,0,2,1,0.01,5,0,0,0,0
197,ANT007,Zahamena,Antevibe,1,1,,1,36,1863,7,54,1,1,3,1,0,2,1,0.03,5,0,1,0,0
198,ANT008,Zahamena,Antevibe,1,1,,1,3,2025,3,19,1,1,4,1,0,1,2,0.11,5,0,1,0,0
199,ANT009,Zahamena,Antevibe,1,1,,1,14,2010,6,38,1,0,0,1,0,2,1,0.01,6,0,1,0,0
200,ANT010,Zahamena,Antevibe,1,0,12,1,25,2045,4,55,1,0,0,1,0,2,1,0.02,6,0,1,0,0
201,ANT011,Zahamena,Antevibe,0,0,38,1,14,1894,6,37,1,1,5,1,0,2,2,2.12,8,1,1,0,0
202,ANT012,Zahamena,Antevibe,1,1,,1,5,1894,4,31,1,0,0,1,0,2,1,0.06,9,0,3,0,0
203,ANT013,Zahamena,Antevibe,1,1,,1,16,1898,3,66,1,1,2,1,0,2,2,0,8,1,1,0,0
204,ANT014,Zahamena,Antevibe,1,0,20,1,22,1820,10,42,1,1,5,1,0,3,1,0.02,5,0,1,0,1
205,ANT015,Zahamena,Antevibe,1,1,,1,43,1776,4,73,1,1,9,1,1,2,2,0,6,1,1,0,0
206,ANT016,Zahamena,Antevibe,1,1,,1,5,1820,4,34,1,1,6,1,1,2,1,0.03,5,0,1,0,0
207,ANT017,Zahamena,Antevibe,1,1,,1,30,1923,7,45,1,1,1,1,0,3,1,0.02,6,0,1,0,0
208,ANT018,Zahamena,Antevibe,1,1,,1,1,1880,2,18,1,1,7,1,1,1,2,0,9,0,1,0,0
209,ANT019,Zahamena,Antevibe,1,1,,4,1,1913,4,28,0,1,2,1,0,2,2,0,3,0,1,0,0
210,ANT020,Zahamena,Antevibe,1,0,33,1,33,1972,10,62,1,1,9,2,1,4,1,5.92,8,0,1,1,0
211,ANT021,Zahamena,Antevibe,1,1,,1,1,2049,4,30,1,1,7,1,1,2,1,0.03,12,0,1,0,0
212,ANT022,Zahamena,Antevibe,1,1,,1,14,2055,5,39,1,1,5,1,0,2,1,0.26,11,0,1,0,0
213,ANT023,Zahamena,Antevibe,1,1,,1,50,1890,3,71,1,0,0,N/A,0,3,2,1.43,12,0,1,1,0
214,ANT024,Zahamena,Antevibe,1,1,,5,1,1892,3,18,1,1,3,4,0,2,1,0,3,0,1,0,0
215,ANT025,Zahamena,Antevibe,1,1,,5,3,1892,6,45,0,1,1,1,0,2,1,0.01,2,0,1,0,0
216,ANT026,Zahamena,Antevibe,1,1,,1,20,1953,8,46,1,0,0,1,0,2,1,0.01,6,0,1,0,0
217,ANT027,Zahamena,Antevibe,1,0,5,1,8,2009,4,-98,1,0,0,1,0,2,1,0.01,2,0,3,0,0
218,ANT028,Zahamena,Antevibe,1,0,3,1,11,-49,5,32,1,1,5,1,0,2,1,1.4,7,0,1,0,0
219,ANT029,Zahamena,Antevibe,1,1,,1,14,1884,5,35,1,1,3,1,0,2,1,2.53,8,0,1,0,0
220,ANT030,Zahamena,Antevibe,1,1,,4,3,1839,6,30,1,1,6,1,1,3,1,0.21,4,0,1,1,0
221,ANT031,Zahamena,Antevibe,0,1,,1,20,-63,6,30,0,0,0,1,0,2,1,0.02,6,0,3,1,0
222,ANT032,Zahamena,Antevibe,1,0,4,3,12,-66,2,58,1,0,0,N/A,0,2,1,0,2,0,1,0,0
223,ANT033,Zahamena,Antevibe,1,0,20,1,40,-57,4,58,1,0,0,1,0,2,1,0,2,0,1,0,0
224,ANT034,Zahamena,Antevibe,1,1,,4,5,1939,7,35,0,1,1,1,0,3,1,0,3,0,1,0,0
225,ANT035,Zahamena,Antevibe,1,1,,1,6,1928,5,30,1,1,2,1,0,2,1,0.08,6,0,1,0,0
226,ANT036,Zahamena,Antevibe,1,1,,1,42,1987,10,62,1,1,2,1,0,2,2,0.03,12,0,3,1,0
227,ANT037,Zahamena,Antevibe,1,1,,1,19,1925,7,37,1,1,2,1,0,2,1,0.04,9,0,3,0,0
228,ANT038,Zahamena,Antevibe,1,0,20,1,20,1891,5,46,1,1,5,5,0,4,2,0.01,8,0,3,0,0
229,ANT039,Zahamena,Antevibe,1,1,,1,5,1847,3,27,1,1,4,1,0,1,1,0.06,10,0,3,0,0
230,ANT040,Zahamena,Antevibe,1,1,,5,5,1898,3,20,1,1,3,1,0,3,1,0.02,7,0,3,0,0
231,ANT041,Zahamena,Antevibe,1,1,,1,20,1848,12,43,1,0,0,1,0,2,1,0.01,8,0,3,1,0
232,ANT042,Zahamena,Antevibe,1,1,,1,2,2235,2,30,1,1,1,4,0,2,1,0,11,0,3,0,0
233,ANT043,Zahamena,Antevibe,1,1,,1,4,2135,4,23,1,1,5,1,0,2,1,0.01,7,0,3,0,0
234,ANT044,Zahamena,Antevibe,1,1,,1,10,1820,7,31,1,1,1,1,0,3,2,0.07,8,0,3,1,0
235,ANT045,Zahamena,Antevibe,1,1,,1,25,1892,10,43,1,1,2,1,0,4,1,0,7,0,2,0,0
236,ANT046,Zahamena,Antevibe,1,1,,1,13,1894,8,45,1,1,0,1,0,1,1,0.71,9,0,3,0,0
237,ANT047,Zahamena,Antevibe,1,1,,1,27,1894,10,43,1,1,5,1,0,2,2,0.62,9,0,3,0,0
238,ANT048,Zahamena,Antevibe,1,1,,1,3,1995,8,33,1,1,1,1,0,3,1,0.03,8,0,4,1,0
239,ANT049,Zahamena,Antevibe,1,0,15,1,22,1890,9,44,1,1,3,1,0,3,1,4.57,5,0,3,1,0
240,ANT050,Zahamena,Antevibe,1,1,,1,3,2007,4,30,1,1,5,1,0,3,1,0.03,2,0,4,0,0
241,ANT051,Zahamena,Antevibe,1,1,,1,1,2038,5,19,1,1,9,1,1,3,1,0.05,9,0,2,0,0
242,ANT052,Zahamena,Antevibe,1,1,,1,30,2048,7,54,1,1,5,1,0,2,1,0.03,7,0,2,1,0
243,ANT053,Zahamena,Antevibe,1,1,,1,2,1855,4,27,1,1,9,7,1,2,2,0,4,1,2,0,0
244,ANT054,Zahamena,Antevibe,1,1,,3,-100,1884,9,41,0,1,3,1,0,1,2,0,6,0,2,0,0
245,ANT055,Zahamena,Antevibe,1,1,,3,-100,1884,8,45,0,1,3,1,0,1,1,0.02,7,0,2,0,0
246,ANT056,Zahamena,Antevibe,1,1,,1,23,2218,10,42,1,1,7,1,1,3,2,0.1,5,0,2,1,0
247,ANT057,Zahamena,Antevibe,1,1,,1,4,2003,5,29,1,1,3,1,0,2,1,0.03,4,0,3,0,0
248,ANT058,Zahamena,Antevibe,1,1,,4,13,1929,1,28,0,1,4,1,0,2,1,0,10,0,3,0,0
249,ANT059,Zahamena,Antevibe,1,1,,3,-100,2240,3,50,0,1,2,1,0,2,1,0,3,0,1,0,0
250,ANT060,Zahamena,Antevibe,1,1,,4,13,2126,5,36,1,0,0,1,0,2,2,0.03,7,0,4,0,0
251,ANT061,Zahamena,Antevibe,1,0,15,1,13,1915,3,40,1,1,3,1,0,2,1,0.73,10,0,2,0,0
252,ANT062,Zahamena,Antevibe,1,1,,1,3,1923,3,25,1,1,6,1,1,3,1,0,8,0,4,0,0
253,ANT063,Zahamena,Antevibe,1,1,,4,-100,1854,5,35,0,1,1,1,0,2,2,0,6,0,4,0,0
254,ANT064,Zahamena,Antevibe,1,1,,1,4,1886,3,26,1,1,5,1,0,3,1,3.03,10,0,4,0,0
255,SAH001,Sahavazina,Sahavazina,0,0,14,1,32,2802,7,59,1,1,6,1,1,2,1,2.85,7,1,3,0,0
256,SAH002,Sahavazina,Sahavazina,1,0,22,4,18,3113,8,59,1,0,0,1,0,2,1,0.04,4,1,1,0,0
257,SAH003,Sahavazina,Sahavazina,1,1,,1,25,2813,4,59,1,0,0,1,0,2,1,0.01,5,1,0,0,0
258,SAH004,Sahavazina,Sahavazina,1,1,,1,34,2380,10,55,1,0,0,1,0,2,2,0.74,7,1,1,0,0
259,SAH005,Sahavazina,Sahavazina,1,0,10,3,30,2372,2,40,0,0,0,1,0,1,1,0,12,0,1,0,0
260,SAH006,Sahavazina,Sahavazina,1,1,,4,18,2811,2,38,1,1,2,4,0,2,1,0.01,4,0,3,1,0
261,SAH007,Sahavazina,Sahavazina,1,0,20,1,7,3119,5,24,1,1,3,1,0,1,1,0.03,9,1,3,0,0
262,SAH008,Sahavazina,Sahavazina,1,1,,1,13,3076,6,35,1,0,0,4,0,2,1,0.04,3,0,1,0,0
263,SAH009,Sahavazina,Sahavazina,1,0,18,1,18,2929,4,56,1,1,0,1,0,1,1,0.05,4,1,2,1,0
264,SAH010,Sahavazina,Sahavazina,1,1,,1,26,4771,4,43,1,0,0,1,0,1,1,1.41,6,0,2,0,0
265,SAH011,Sahavazina,Sahavazina,1,1,,1,8,4453,7,30,1,0,0,1,0,1,1,0.02,7,0,1,0,0
266,SAH012,Sahavazina,Sahavazina,1,0,-98,1,1,4441,5,48,1,1,5,4,0,1,1,0.01,3,0,1,0,0
267,SAH013,Sahavazina,Sahavazina,1,1,,1,2,4218,3,18,1,1,3,1,0,1,1,0.03,10,1,1,0,0
268,SAH014,Sahavazina,Sahavazina,1,0,10,1,31,4458,5,47,1,1,11,7,1,1,0,0.2,7,1,1,0,0
269,SAH015,Sahavazina,Sahavazina,1,0,1,1,2,4488,2,23,1,1,10,7,1,1,1,0,2,0,1,0,0
270,SAH016,Sahavazina,Sahavazina,1,1,,1,17,4458,7,38,1,0,0,1,0,1,1,1.44,9,1,3,1,0
271,SAH017,Sahavazina,Sahavazina,1,1,,1,25,6633,2,49,1,0,0,1,0,2,1,1.46,7,1,2,0,0
272,SAH018,Sahavazina,Sahavazina,1,0,6,3,30,6655,6,50,0,0,0,1,0,2,1,0.75,7,0,2,0,0
273,SAH019,Sahavazina,Sahavazina,1,1,,1,15,6641,7,38,1,1,3,1,0,2,1,0.01,4,0,3,0,0
274,SAH020,Sahavazina,Sahavazina,1,1,,1,10,6620,6,32,1,1,2,1,0,1,1,0.05,7,1,4,1,0
275,SAH021,Sahavazina,Sahavazina,1,1,,1,12,6616,6,33,1,1,4,1,0,1,1,0.7,6,0,2,0,1
276,SAH022,Sahavazina,Sahavazina,1,1,,1,2,6632,3,23,1,1,4,1,0,1,1,0.05,7,0,4,0,0
277,SAH023,Sahavazina,Sahavazina,1,1,,1,4,6665,4,29,1,1,5,1,0,1,1,0.03,4,1,3,0,0
278,SAH024,Sahavazina,Sahavazina,1,0,5,1,4,6599,4,32,1,1,8,1,1,2,1,0.06,9,1,2,1,0
279,SAH025,Sahavazina,Sahavazina,1,1,,1,36,6642,7,53,1,0,0,1,0,1,1,0.02,5,0,1,1,0
280,SAH026,Sahavazina,Sahavazina,1,0,20,1,20,6656,6,39,1,1,1,1,0,1,1,1.44,3,0,2,0,0
281,SAH027,Sahavazina,Sahavazina,0,1,,1,6,6620,2,42,0,0,0,1,0,1,2,0.79,3,1,1,0,0
282,SAH028,Sahavazina,Sahavazina,1,1,,4,5,6614,2,30,1,1,3,1,0,1,1,0,3,0,1,0,0
283,SAH029,Sahavazina,Sahavazina,1,1,,1,11,6608,2,52,1,1,4,1,0,2,2,0.2,12,1,2,1,1
284,SAH030,Sahavazina,Sahavazina,1,0,6,1,5,6650,2,27,1,1,1,1,0,1,1,0.02,4,0,3,0,0
285,SAH031,Sahavazina,Sahavazina,1,1,,2,10,6636,4,-98,0,0,0,1,0,1,1,0,NA,1,1,0,0
286,SAH032,Sahavazina,Sahavazina,1,0,20,1,30,6639,4,50,1,1,4,1,0,2,2,0.03,4,1,1,0,0
287,SAH033,Sahavazina,Sahavazina,1,0,2,4,8,6652,2,25,0,1,0,1,0,1,1,0.03,4,1,1,0,1
288,SAH034,Sahavazina,Sahavazina,1,1,,4,7,6608,4,21,0,1,2,1,0,1,1,0,9,0,2,0,1
289,SAH035,Sahavazina,Sahavazina,1,1,,1,2,6633,4,21,1,1,5,1,0,1,1,0.03,10,1,3,1,0
290,SAH036,Sahavazina,Sahavazina,1,1,,1,16,6627,5,35,1,1,3,1,0,1,1,0.02,8,1,4,1,0
291,SAH037,Sahavazina,Sahavazina,1,1,,1,6,6610,6,30,1,1,3,1,0,1,1,0.11,10,1,3,0,0
292,SAH038,Sahavazina,Sahavazina,1,1,,1,1,6597,3,20,1,1,4,1,0,1,1,0.04,10,1,3,0,0
293,SAH039,Sahavazina,Sahavazina,1,1,,1,9,6654,6,40,1,1,2,1,0,2,2,0.09,10,1,4,1,0
294,SAH040,Sahavazina,Sahavazina,1,1,,1,30,6622,5,56,1,1,3,1,0,2,1,0.74,10,1,3,0,1
295,SAH041,Sahavazina,Sahavazina,1,1,,1,7,6649,3,59,1,1,2,1,0,1,1,0.05,9,0,3,1,1
296,SAH042,Sahavazina,Sahavazina,1,0,15,1,1,6599,3,19,1,1,4,1,0,1,1,0.71,11,1,3,1,0
297,SAH043,Sahavazina,Sahavazina,1,1,,1,1,4217,3,18,1,1,5,1,0,3,1,0.26,10,1,2,0,0
298,SAH044,Sahavazina,Sahavazina,1,1,,1,15,4262,10,33,1,0,0,1,0,1,1,0,8,0,1,0,0
299,SAH045,Sahavazina,Sahavazina,1,0,20,1,18,4264,8,40,1,1,3,1,0,1,1,0.01,8,0,0,0,0
300,SAH046,Sahavazina,Sahavazina,1,0,5,1,3,4172,3,26,1,1,9,7,1,2,1,0,10,0,2,0,0
301,SAH047,Sahavazina,Sahavazina,1,1,,1,20,4259,10,28,1,1,2,4,0,3,1,0.02,2,1,1,0,0
302,SAH048,Sahavazina,Sahavazina,1,0,1,1,15,4261,7,41,1,1,1,1,0,2,1,0.02,2,0,1,0,0
303,SAH049,Sahavazina,Sahavazina,1,1,,1,28,4242,5,39,1,0,0,1,0,2,1,0.82,4,1,2,0,0
304,SAH050,Sahavazina,Sahavazina,1,1,,1,20,4204,12,40,1,0,0,1,0,2,1,0.04,6,1,4,0,0
305,SAH051,Sahavazina,Sahavazina,1,1,,1,1,2814,6,30,1,1,4,1,0,2,1,0,6,1,1,0,0
306,SAH052,Sahavazina,Sahavazina,0,1,,1,4,2444,3,24,1,0,0,1,0,3,1,0.06,4,1,2,0,0
307,SAH053,Sahavazina,Sahavazina,1,1,,1,29,4574,8,55,1,0,0,1,0,2,1,2.95,9,1,1,0,0
308,SAH054,Sahavazina,Sahavazina,1,1,,1,3,4958,4,45,1,0,0,1,0,2,1,0.04,6,1,3,0,0
309,SAH055,Sahavazina,Sahavazina,1,1,,1,50,4164,1,60,1,0,0,1,0,2,1,0.04,2,0,2,0,0
310,SAH056,Sahavazina,Sahavazina,1,0,13,1,10,4252,3,30,1,0,0,1,0,1,1,0,6,1,1,0,0
311,SAH057,Sahavazina,Sahavazina,1,0,2,1,20,4259,7,40,1,1,4,1,0,1,1,1.42,6,0,1,0,0
312,SAH058,Sahavazina,Sahavazina,1,0,9,1,30,4208,5,58,1,0,0,1,0,2,2,0.84,6,1,1,1,0
313,SAH059,Sahavazina,Sahavazina,1,0,10,1,9,4159,8,37,1,0,0,1,0,2,1,0.04,7,1,2,0,0
314,SAH060,Sahavazina,Sahavazina,0,0,10,1,10,4206,2,28,0,0,0,1,0,1,1,0.09,2,1,1,0,0
315,SAH061,Sahavazina,Sahavazina,1,1,,1,50,4239,10,60,1,0,0,1,0,1,1,0.03,6,0,1,0,0
316,SAH062,Sahavazina,Sahavazina,1,1,,1,7,4257,5,27,1,1,3,4,0,1,1,0,3,0,1,0,0
317,SAH063,Sahavazina,Sahavazina,0,0,30,1,40,4226,2,60,0,0,0,1,0,1,1,0,1,0,1,0,0
318,SAH064,Sahavazina,Sahavazina,1,0,8,1,8,4209,4,28,1,1,5,1,0,1,1,0.12,3,1,1,0,1
319,SAH065,Sahavazina,Sahavazina,1,1,,4,20,4258,9,36,0,0,0,1,0,1,1,0.03,3,1,3,0,0
320,SAH066,Sahavazina,Sahavazina,1,1,,1,5,4261,8,29,1,1,5,4,0,2,1,0.01,6,1,3,0,1
321,SAH067,Sahavazina,Sahavazina,1,0,9,1,8,4201,7,36,1,1,9,1,1,2,2,1.59,12,1,3,1,0
322,SAH068,Sahavazina,Sahavazina,1,0,20,1,28,4201,5,62,1,1,4,1,0,3,1,0.02,4,1,0,0,0
323,SAH069,Sahavazina,Sahavazina,1,1,,3,32,5363,2,60,1,1,2,1,0,3,1,0.01,10,1,1,0,0
324,SAH070,Sahavazina,Sahavazina,1,1,,1,6,5211,5,25,1,1,1,1,0,3,1,0.09,6,1,1,0,0
325,SAH071,Sahavazina,Sahavazina,1,1,,1,56,4472,5,70,1,1,4,1,0,3,1,0.02,7,1,2,0,0
326,SAH072,Sahavazina,Sahavazina,1,1,,6,4,4490,3,24,1,1,3,1,0,3,1,0.05,2,1,3,0,1
327,SAH073,Sahavazina,Sahavazina,1,0,3,1,3,4460,2,25,1,1,3,1,0,1,1,0.93,6,0,1,0,0
328,SAH074,Sahavazina,Sahavazina,1,1,,4,24,4482,4,58,1,0,0,1,0,1,1,0.06,4,1,1,0,0
329,SAH075,Sahavazina,Sahavazina,1,0,6,5,6,4500,5,54,1,1,3,1,0,1,1,0,6,0,1,0,0
330,SAH076,Sahavazina,Sahavazina,1,1,,3,6,4501,7,30,0,0,0,1,0,1,1,0.05,5,0,1,0,0
331,SAH077,Sahavazina,Sahavazina,1,1,,5,1,4464,4,24,0,1,2,1,0,1,1,0,7,0,1,0,0
332,SAH078,Sahavazina,Sahavazina,1,1,,1,15,4460,6,40,1,1,4,1,0,1,1,0.03,10,1,3,1,0
333,SAH079,Sahavazina,Sahavazina,1,1,,1,9,4489,6,35,1,1,2,1,0,1,2,0.08,10,1,3,1,1
334,SAH080,Sahavazina,Sahavazina,0,0,2,1,2,4464,5,32,0,1,1,1,0,1,1,0.05,11,1,3,0,0
335,SAH081,Sahavazina,Sahavazina,1,1,,1,15,4493,9,31,1,1,2,1,0,1,1,0.79,10,1,3,0,0
336,SAH082,Sahavazina,Sahavazina,1,1,,1,60,6355,5,86,1,1,6,1,1,1,1,0.81,12,1,1,0,0
337,SAH083,Sahavazina,Sahavazina,1,0,12,4,1,6337,3,34,1,1,3,1,0,3,1,0.04,3,1,1,1,0
338,SAH084,Sahavazina,Sahavazina,1,0,12,5,12,6370,6,30,1,0,0,1,0,2,1,0.13,9,1,1,0,0
339,SAH085,Sahavazina,Sahavazina,1,1,,1,6,6339,6,26,1,1,2,1,0,2,1,0,6,1,1,1,0
340,SAH086,Sahavazina,Sahavazina,1,1,,1,36,6352,4,50,1,1,2,1,0,2,1,0.02,9,1,1,0,0
341,SAH087,Sahavazina,Sahavazina,1,1,,1,1,6342,2,17,1,0,0,1,0,2,1,0,9,1,1,0,0
342,SAH088,Sahavazina,Sahavazina,1,1,,1,7,6343,3,22,1,1,5,1,0,2,1,0.8,3,1,1,1,0
343,SAH089,Sahavazina,Sahavazina,1,1,,1,10,6327,6,25,1,1,4,1,0,1,1,0.01,3,0,1,1,0
344,SAH090,Sahavazina,Sahavazina,1,1,,1,20,6340,4,40,1,0,0,1,0,1,1,0.01,1,1,1,1,0
345,SAH091,Sahavazina,Sahavazina,1,1,,5,5,7111,5,30,1,1,5,1,0,1,1,0,1,0,1,0,0
346,SAH092,Sahavazina,Sahavazina,1,1,,1,15,6351,7,35,1,1,2,1,0,1,1,0.15,12,1,3,0,0
347,SAH093,Sahavazina,Sahavazina,1,1,,1,27,6346,11,51,1,1,0,1,0,3,2,0.12,9,1,3,0,0
348,SAH094,Sahavazina,Sahavazina,1,1,,1,16,6367,10,32,1,0,0,1,0,3,1,1.51,9,1,2,0,0
349,SAH095,Sahavazina,Sahavazina,1,1,,1,6,6345,4,31,1,0,0,4,0,2,1,0.11,10,1,3,0,0
350,VBA001,Mantadia,Vohibazaha,1,1,,1,10,198,6,55,1,1,5,1,0,1,1,0.03,4,0,1,1,0
351,VBA002,Mantadia,Vohibazaha,1,1,,3,-100,-18,1,70,1,1,3,1,0,1,1,0,10,0,0,0,0
352,VBA003,Mantadia,Vohibazaha,1,1,,3,20,41,5,53,0,0,0,1,0,1,1,0.05,5,0,1,0,0
353,VBA004,Mantadia,Vohibazaha,1,1,,1,3,-562,5,28,1,1,2,1,0,1,1,0.05,4,0,1,0,0
354,VBA005,Mantadia,Vohibazaha,1,1,,1,15,-293,7,38,1,1,5,1,0,1,1,0.05,5,0,1,1,1
355,VBA006,Mantadia,Vohibazaha,1,1,,1,7,-13,5,45,1,0,0,1,0,1,1,0.1,4,0,1,0,0
356,VBA007,Mantadia,Vohibazaha,1,1,,1,43,-201,6,65,1,1,3,1,0,1,1,0.06,6,0,1,0,0
357,VBA008,Mantadia,Vohibazaha,1,1,,3,1,-87,2,52,1,1,5,1,0,1,1,0.01,5,0,1,0,0
358,VBA009,Mantadia,Vohibazaha,1,1,,1,30,-5,13,61,1,1,3,1,0,1,1,0.05,5,0,1,0,0
359,VBA010,Mantadia,Vohibazaha,1,1,,1,9,-507,6,79,1,0,0,1,0,1,1,0.05,5,0,1,0,0
360,VBA011,Mantadia,Vohibazaha,1,1,,3,18,-452,3,56,1,1,2,1,0,1,1,0.05,6,0,0,0,0
361,VBA012,Mantadia,Vohibazaha,1,1,,1,9,-85,6,30,1,1,5,1,0,3,1,1.36,7,0,1,0,0
362,VBA013,Mantadia,Vohibazaha,1,1,,1,21,3775,11,36,1,1,3,1,0,1,1,2.05,2,0,0,0,0
363,VBA014,Mantadia,Vohibazaha,1,1,,4,12,3289,5,32,1,1,4,1,0,1,1,0.04,2,0,1,0,0
364,VBA015,Mantadia,Vohibazaha,1,1,,4,10,2070,6,36,1,1,4,1,0,1,1,0.03,2,0,1,0,0
365,VBA016,Mantadia,Vohibazaha,1,1,,1,7,2144,5,33,1,1,2,1,0,1,1,0.05,3,0,1,0,0
366,VBA017,Mantadia,Vohibazaha,1,1,,1,8,2104,7,38,1,1,8,1,1,1,2,0.1,10,1,1,0,0
367,VBA018,Mantadia,Vohibazaha,1,1,,1,25,3465,8,34,1,1,2,1,0,1,1,0.31,5,0,1,0,0
368,VBA019,Mantadia,Vohibazaha,1,1,,3,-100,2149,1,65,0,1,3,1,0,1,2,0.03,12,0,1,0,0
369,VBA020,Mantadia,Vohibazaha,1,1,,1,6,2167,5,57,1,1,2,1,0,1,2,0.1,5,0,1,0,0
370,VBA021,Mantadia,Vohibazaha,1,1,,1,2,-51,3,34,1,1,4,4,0,2,1,0.02,12,0,2,0,0
371,VBA022,Mantadia,Vohibazaha,1,1,,1,44,-33,7,71,1,1,4,1,0,2,2,0.05,11,0,3,0,0
372,VBA023,Mantadia,Vohibazaha,1,1,,1,16,-248,7,39,1,1,4,4,0,2,1,0.03,10,1,3,0,0
373,VBA024,Mantadia,Vohibazaha,1,1,,1,10,-122,5,28,1,1,2,4,0,3,1,0.05,9,0,3,0,0
374,VBA025,Mantadia,Vohibazaha,1,1,,1,9,-866,6,30,1,1,3,1,0,2,2,0.51,11,0,3,1,0
375,VBA026,Mantadia,Vohibazaha,1,1,,1,28,-78,9,48,1,1,5,1,0,2,2,0.51,12,0,3,0,0
376,VBA027,Mantadia,Vohibazaha,1,1,,1,4,-558,4,21,1,1,5,4,0,2,2,0.24,8,0,2,0,0
377,VBA028,Mantadia,Vohibazaha,1,1,,1,4,146,7,25,1,1,4,4,0,3,1,0.02,7,0,3,0,0
378,VBA029,Mantadia,Vohibazaha,1,1,,4,50,3703,1,70,1,1,4,1,0,2,2,0,5,0,3,0,0
379,VBA030,Mantadia,Vohibazaha,1,1,,3,20,3323,3,40,1,1,3,4,0,3,2,0.01,8,1,3,0,0
380,VBA031,Mantadia,Vohibazaha,1,1,,1,4,4157,4,23,1,0,0,1,0,2,2,0.04,12,0,3,0,0
381,VBA032,Mantadia,Vohibazaha,1,1,,1,4,4096,3,22,1,1,3,1,0,2,1,0.01,12,1,3,0,0
382,VBA033,Mantadia,Vohibazaha,1,1,,1,4,3973,6,23,1,1,5,1,0,2,1,0.02,6,0,3,0,1
383,VBA034,Mantadia,Vohibazaha,1,1,,1,2,3943,3,20,1,1,3,4,0,2,1,0.02,6,0,3,0,0
384,VBA035,Mantadia,Vohibazaha,1,1,,1,20,3973,7,42,1,1,2,1,0,2,2,0.33,10,0,3,1,1
385,VBA036,Mantadia,Vohibazaha,1,1,,1,38,2141,5,63,1,1,3,1,0,2,1,0.08,10,0,3,0,0
386,VBA037,Mantadia,Vohibazaha,1,1,,1,10,33,6,34,1,1,3,1,0,2,2,0.23,6,0,1,0,0
387,VBA038,Mantadia,Vohibazaha,1,1,,1,20,87,5,53,1,1,3,1,0,3,1,2.2,8,0,1,0,0
388,VBA039,Mantadia,Vohibazaha,1,1,,1,1,18,3,24,1,1,6,1,1,2,1,0.04,6,0,3,0,0
389,VBA040,Mantadia,Vohibazaha,1,1,,1,8,248,3,35,1,1,1,1,0,2,2,0.08,8,0,3,0,0
390,VBA041,Mantadia,Vohibazaha,1,1,,1,30,33,4,58,1,1,3,1,0,3,1,0.1,5,0,1,0,0
391,VBA042,Mantadia,Vohibazaha,1,1,,1,1,5,3,22,1,0,0,1,0,2,1,0.02,7,1,3,0,0
392,VBA043,Mantadia,Vohibazaha,1,1,,1,30,78,5,50,0,0,0,1,0,2,2,2.7,12,0,3,0,0
393,VBA044,Mantadia,Vohibazaha,1,1,,1,5,85,5,24,1,1,3,1,0,3,2,0.02,10,0,3,0,1
394,VBA045,Mantadia,Vohibazaha,1,1,,1,6,3973,5,33,1,0,0,1,0,3,2,0.2,8,0,1,0,0
395,VBA046,Mantadia,Vohibazaha,1,1,,1,4,3973,3,22,1,1,4,1,0,2,2,0.02,7,0,1,0,0
396,VBA047,Mantadia,Vohibazaha,1,1,,1,6,3289,7,37,1,0,0,1,0,3,2,0.06,7,0,3,0,0
397,VBA048,Mantadia,Vohibazaha,1,1,,1,41,3323,3,64,1,1,3,1,0,2,2,0.74,10,0,3,0,1
398,VBA049,Mantadia,Vohibazaha,1,1,,1,10,3323,7,29,0,0,0,1,0,2,2,0.05,4,0,3,0,0
399,VBA050,Mantadia,Vohibazaha,1,1,,1,8,3973,6,36,1,1,1,1,0,2,2,0.02,5,1,3,1,1
400,VBA051,Mantadia,Vohibazaha,1,1,,1,20,3973,7,42,1,1,2,1,0,2,2,0.12,6,0,1,0,0
401,VBA052,Mantadia,Vohibazaha,1,1,,1,5,3973,4,25,1,1,4,1,0,3,2,0,10,1,3,1,1
402,VBA053,Mantadia,Vohibazaha,1,1,,1,23,3973,10,49,1,1,4,1,0,4,2,1.7,9,0,3,0,0
403,VBA054,Mantadia,Vohibazaha,1,1,,1,8,3973,9,45,1,1,5,1,0,3,2,0.07,9,0,1,0,0
404,VBA055,Mantadia,Vohibazaha,1,1,,1,23,3973,8,45,1,1,3,1,0,4,2,0.25,5,1,1,0,0
405,VBA056,Mantadia,Vohibazaha,1,1,,1,12,3973,5,32,1,0,0,1,0,3,2,0.05,10,1,2,0,0
406,VBA057,Mantadia,Vohibazaha,1,1,,1,1,2121,3,20,1,1,5,1,0,1,2,0.25,12,0,1,0,0
407,VVE001,Mantadia,Volove,1,1,,1,7,2518,10,39,1,1,1,1,0,1,1,0.15,7,0,3,1,0
408,VVE002,Mantadia,Volove,1,1,,3,28,2914,4,57,0,1,4,1,0,1,1,0,4,0,0,0,0
409,VVE003,Mantadia,Volove,1,1,,1,11,2951,8,35,1,1,3,1,0,1,1,0.13,5,0,1,0,0
410,VVE004,Mantadia,Volove,1,1,,1,6,2452,7,35,1,1,1,1,0,1,1,0.05,6,0,2,0,0
411,VVE005,Mantadia,Volove,1,0,15,1,6,1409,5,36,1,1,5,1,0,1,1,0.27,9,0,2,0,0
412,VVE006,Mantadia,Volove,1,0,4,1,10,1359,4,42,1,1,5,1,0,1,2,0.49,6,0,3,1,0
413,VVE007,Mantadia,Volove,1,1,,1,10,3343,11,26,1,1,1,1,0,1,1,0.05,5,0,1,0,0
414,VVE008,Mantadia,Volove,1,1,,1,13,3285,6,35,1,1,1,1,0,1,1,0.3,8,0,1,0,0
415,VVE009,Mantadia,Volove,1,1,,1,45,1379,3,63,1,1,1,1,0,1,1,0.09,7,1,2,1,0
416,VVE010,Mantadia,Volove,1,1,,1,1,1346,3,24,1,1,4,1,0,1,2,0.08,8,1,3,0,0
417,VVE011,Mantadia,Volove,1,0,4,1,4,855,6,44,1,0,0,1,0,1,2,0.04,6,0,1,0,0
418,VVE012,Mantadia,Volove,1,1,,1,3,1378,4,22,1,1,2,1,0,1,1,0.07,7,0,1,0,0
419,VVE013,Mantadia,Volove,1,1,,3,-100,1179,2,62,0,1,11,1,1,1,2,0.08,8,0,3,0,0
420,VVE014,Mantadia,Volove,1,1,,1,1,1528,8,40,1,1,3,1,0,1,1,4.24,12,0,1,0,0
421,VVE015,Mantadia,Volove,1,1,,1,3,1453,3,23,1,1,2,1,0,1,1,0,10,0,3,0,0
422,VVE016,Mantadia,Volove,1,1,,2,10,1465,5,63,1,1,5,1,0,1,2,0.1,12,1,3,0,0
423,VVE017,Mantadia,Volove,1,1,,1,20,1459,4,46,1,1,4,1,0,1,2,7.2,4,1,2,1,0
424,VVE018,Mantadia,Volove,1,1,,1,34,2427,3,62,1,1,4,1,0,2,2,0.04,10,0,3,0,0
425,VVE019,Mantadia,Volove,1,1,,1,3,1364,4,30,1,1,3,1,0,2,1,0.05,8,0,3,0,0
426,VVE020,Mantadia,Volove,1,1,,1,32,2279,6,60,1,1,2,1,0,2,1,0.06,8,0,3,0,0
427,VVE021,Mantadia,Volove,1,0,5,1,16,1367,6,39,1,1,6,1,1,2,2,0.06,11,0,3,0,0
428,VVE022,Mantadia,Volove,1,1,,1,34,1328,3,57,1,1,5,1,0,2,2,0.04,9,0,3,0,1
429,VVE023,Mantadia,Volove,1,1,,1,50,4444,11,70,1,1,3,1,0,2,2,0.02,5,1,3,0,0
430,VVE024,Mantadia,Volove,1,1,,1,3,3048,3,18,1,1,3,1,0,1,1,0.05,4,0,2,0,0
431,VVE025,Mantadia,Volove,1,1,,1,39,31,5,62,1,1,6,1,1,2,2,0.06,10,0,3,0,1
432,VVE026,Mantadia,Volove,1,1,,1,26,1420,6,50,1,1,4,1,0,2,2,0.24,7,1,3,0,0
433,VVE027,Mantadia,Volove,1,1,,1,15,495,3,30,1,1,2,1,0,2,1,0.03,12,0,3,0,0
434,VVE028,Mantadia,Volove,1,1,,4,36,1465,3,58,1,1,4,4,0,1,1,0.04,9,0,3,0,0
435,VVE029,Mantadia,Volove,1,1,,5,4,1387,1,24,1,0,0,1,0,2,1,0.05,12,0,3,0,0
436,VVE030,Mantadia,Volove,1,1,,1,38,1353,11,59,1,1,4,1,0,2,2,0.1,10,0,3,1,0
437,VVE031,Mantadia,Volove,1,1,,3,46,1935,2,66,1,0,0,1,0,2,2,0.05,5,0,3,0,0
438,VVE032,Mantadia,Volove,1,1,,1,26,1367,6,46,1,1,6,1,1,3,2,0.08,12,1,3,1,2
439,VVE033,Mantadia,Volove,1,1,,1,7,2361,5,31,1,1,2,1,0,2,1,0.14,7,0,3,0,0
440,VVE034,Mantadia,Volove,1,1,,4,22,1367,4,45,1,1,3,1,0,2,1,0,4,0,1,0,0
441,VVE035,Mantadia,Volove,1,1,,1,1,1879,2,17,1,1,2,1,0,2,1,0.01,3,0,2,0,0
442,VVE036,Mantadia,Volove,1,1,,4,19,1942,8,36,1,1,3,1,0,2,1,0.05,2,1,2,0,0
443,VVE037,Mantadia,Volove,1,1,,1,10,1336,8,34,1,1,5,1,0,2,1,0.08,7,1,3,0,0
444,VVE038,Mantadia,Volove,1,1,,4,3,1332,4,21,1,0,0,1,0,2,1,0,3,1,1,0,0
445,VVE039,Mantadia,Volove,1,1,,1,40,1326,3,55,1,1,1,1,0,1,2,0.08,12,0,3,0,1
446,VVE040,Mantadia,Volove,1,1,,4,32,1367,3,47,1,1,4,1,0,2,1,0.02,2,0,1,0,0
447,VVE041,Mantadia,Volove,1,1,,1,13,1367,7,33,1,1,3,1,0,2,1,0.15,8,0,2,0,0
448,VVE042,Mantadia,Volove,1,1,,1,5,1367,4,32,1,1,1,1,0,2,1,0.12,8,0,1,0,0
449,VVE043,Mantadia,Volove,1,1,,3,20,1367,8,58,0,1,3,1,0,2,2,0.01,10,0,3,0,0
450,VVE044,Mantadia,Volove,1,1,,1,23,1962,6,47,1,1,11,1,1,3,2,0.5,12,0,3,0,2
451,VVE045,Mantadia,Volove,1,1,,1,3,831,2,22,1,1,2,1,0,3,2,0.01,12,0,3,0,0
452,VVE046,Mantadia,Volove,1,1,,1,15,754,9,45,1,1,3,1,0,3,2,6,10,0,1,0,0
453,VVE047,Mantadia,Volove,1,0,2,5,-100,1480,1,21,1,1,3,1,0,2,1,0,5,0,1,0,0
