sn,resp_id,site,fokontany,plot_type,plot_ownership
1,AMP001,Ampahitra,Ampahitra,1,5
2,AMP003,Ampahitra,Ampahitra,1,4
3,AMP003,Ampahitra,Ampahitra,4,4
4,AMP003,Ampahitra,Ampahitra,1,4
5,AMP003,Ampahitra,Ampahitra,1,4
6,AMP004,Ampahitra,Ampahitra,1,3
7,AMP004,Ampahitra,Ampahitra,4,3
8,AMP004,Ampahitra,Ampahitra,4,3
9,AMP004,Ampahitra,Ampahitra,4,3
10,AMP004,Ampahitra,Ampahitra,4,3
11,AMP004,Ampahitra,Ampahitra,3,3
12,AMP005,Ampahitra,Ampahitra,1,4
13,AMP005,Ampahitra,Ampahitra,4,4
14,AMP008,Ampahitra,Ampahitra,3,1
15,AMP008,Ampahitra,Ampahitra,1,1
16,AMP010,Ampahitra,Ampahitra,2,1
17,AMP010,Ampahitra,Ampahitra,2,1
18,AMP011,Ampahitra,Ampahitra,1,5
19,AMP011,Ampahitra,Ampahitra,2,5
20,AMP014,Ampahitra,Ampahitra,1,4
21,AMP014,Ampahitra,Ampahitra,4,4
22,AMP015,Ampahitra,Ampahitra,1,3
23,AMP015,Ampahitra,Ampahitra,4,3
24,AMP016,Ampahitra,Ampahitra,1,5
25,AMP016,Ampahitra,Ampahitra,2,5
26,AMP018,Ampahitra,Ampahitra,1,4
27,AMP020,Ampahitra,Ampahitra,1,3
28,AMP020,Ampahitra,Ampahitra,4,3
29,AMP020,Ampahitra,Ampahitra,4,5
30,AMP020,Ampahitra,Ampahitra,1,5
31,AMP022,Ampahitra,Ampahitra,1,4
32,AMP022,Ampahitra,Ampahitra,4,4
33,AMP022,Ampahitra,Ampahitra,4,4
34,AMP022,Ampahitra,Ampahitra,3,4
35,AMP022,Ampahitra,Ampahitra,4,4
36,AMP022,Ampahitra,Ampahitra,4,4
37,AMP022,Ampahitra,Ampahitra,4,4
38,AMP024,Ampahitra,Ampahitra,4,5
39,AMP024,Ampahitra,Ampahitra,4,5
40,AMP024,Ampahitra,Ampahitra,4,5
41,AMP024,Ampahitra,Ampahitra,4,5
42,AMP024,Ampahitra,Ampahitra,1,5
43,AMP024,Ampahitra,Ampahitra,4,5
44,AMP024,Ampahitra,Ampahitra,4,5
45,AMP024,Ampahitra,Ampahitra,4,5
46,AMP024,Ampahitra,Ampahitra,4,5
47,AMP025,Ampahitra,Ampahitra,1,4
48,AMP025,Ampahitra,Ampahitra,4,3
49,AMP025,Ampahitra,Ampahitra,4,4
50,AMP025,Ampahitra,Ampahitra,2,4
51,AMP026,Ampahitra,Ampahitra,1,5
52,AMP026,Ampahitra,Ampahitra,3,5
53,AMP026,Ampahitra,Ampahitra,4,5
54,AMP026,Ampahitra,Ampahitra,4,5
55,AMP026,Ampahitra,Ampahitra,4,5
56,AMP026,Ampahitra,Ampahitra,4,5
57,AMP028,Ampahitra,Ampahitra,1,1
58,AMP028,Ampahitra,Ampahitra,4,1
59,AMP028,Ampahitra,Ampahitra,4,1
60,AMP028,Ampahitra,Ampahitra,2,1
61,AMP031,Ampahitra,Ampahitra,1,2
62,AMP031,Ampahitra,Ampahitra,4,4
63,AMP032,Ampahitra,Ampahitra,1,2
64,AMP032,Ampahitra,Ampahitra,4,4
65,AMP034,Ampahitra,Ampahitra,1,3
66,AMP036,Ampahitra,Ampahitra,1,1
67,AMP037,Ampahitra,Ampahitra,1,1
68,AMP039,Ampahitra,Ampahitra,1,1
69,AMP039,Ampahitra,Ampahitra,1,1
70,AMP041,Ampahitra,Ampahitra,1,1
71,AMP041,Ampahitra,Ampahitra,4,1
72,AMP041,Ampahitra,Ampahitra,4,1
73,AMP041,Ampahitra,Ampahitra,3,1
74,AMP041,Ampahitra,Ampahitra,4,1
75,AMP043,Ampahitra,Ampahitra,1,4
76,AMP043,Ampahitra,Ampahitra,4,4
77,AMP043,Ampahitra,Ampahitra,4,4
78,AMP043,Ampahitra,Ampahitra,4,4
79,AMP043,Ampahitra,Ampahitra,4,4
80,AMP045,Ampahitra,Ampahitra,3,3
81,AMP045,Ampahitra,Ampahitra,4,5
82,AMP045,Ampahitra,Ampahitra,4,3
83,AMP045,Ampahitra,Ampahitra,4,5
84,AMP047,Ampahitra,Ampahitra,1,5
85,AMP047,Ampahitra,Ampahitra,4,4
86,AMP047,Ampahitra,Ampahitra,4,1
87,AMP049,Ampahitra,Ampahitra,2,1
88,AMP049,Ampahitra,Ampahitra,2,1
89,AMP049,Ampahitra,Ampahitra,2,1
90,AMP049,Ampahitra,Ampahitra,2,1
91,AMP051,Ampahitra,Ampahitra,1,2
92,AMP051,Ampahitra,Ampahitra,4,4
93,AMP053,Ampahitra,Ampahitra,1,2
94,AMP053,Ampahitra,Ampahitra,4,5
95,AMP056,Ampahitra,Ampahitra,1,3
96,AMP056,Ampahitra,Ampahitra,4,6
97,AMP057,Ampahitra,Ampahitra,1,5
98,AMP060,Ampahitra,Ampahitra,1,4
99,AMP060,Ampahitra,Ampahitra,4,4
100,AMP061,Ampahitra,Ampahitra,1,1
101,AMP061,Ampahitra,Ampahitra,4,1
102,AMP061,Ampahitra,Ampahitra,4,1
103,AMP061,Ampahitra,Ampahitra,4,1
104,AMP061,Ampahitra,Ampahitra,1,1
105,AMP062,Ampahitra,Ampahitra,1,5
106,AMP062,Ampahitra,Ampahitra,4,5
107,AMP062,Ampahitra,Ampahitra,4,5
108,AMP062,Ampahitra,Ampahitra,2,5
109,AMP062,Ampahitra,Ampahitra,4,5
110,AMP062,Ampahitra,Ampahitra,2,5
111,AMP066,Ampahitra,Ampahitra,1,5
112,AMP066,Ampahitra,Ampahitra,4,5
113,AMP066,Ampahitra,Ampahitra,4,5
114,AMP066,Ampahitra,Ampahitra,4,5
115,AMP066,Ampahitra,Ampahitra,3,5
116,AMP066,Ampahitra,Ampahitra,1,5
117,AMP068,Ampahitra,Ampahitra,1,5
118,AMP068,Ampahitra,Ampahitra,4,5
119,AMP068,Ampahitra,Ampahitra,4,5
120,AMP068,Ampahitra,Ampahitra,4,5
121,AMP068,Ampahitra,Ampahitra,4,5
122,AMP069,Ampahitra,Ampahitra,3,3
123,AMP069,Ampahitra,Ampahitra,1,3
124,AMP069,Ampahitra,Ampahitra,4,3
125,AMP069,Ampahitra,Ampahitra,4,3
126,AMP069,Ampahitra,Ampahitra,4,3
127,AMP069,Ampahitra,Ampahitra,2,3
128,AMP069,Ampahitra,Ampahitra,2,3
129,AMP073,Ampahitra,Ampahitra,3,1
130,AMP073,Ampahitra,Ampahitra,3,1
131,AMP073,Ampahitra,Ampahitra,4,1
132,AMP075,Ampahitra,Ampahitra,1,4
133,AMP075,Ampahitra,Ampahitra,1,4
134,AMP077,Ampahitra,Ampahitra,3,5
135,AMP077,Ampahitra,Ampahitra,1,5
136,AMP077,Ampahitra,Ampahitra,1,5
137,AMP078,Ampahitra,Ampahitra,1,5
138,AMP078,Ampahitra,Ampahitra,2,5
139,AMP083,Ampahitra,Ampahitra,3,3
140,AMP083,Ampahitra,Ampahitra,3,3
141,AMP083,Ampahitra,Ampahitra,4,1
142,AMP083,Ampahitra,Ampahitra,4,1
143,AMP083,Ampahitra,Ampahitra,4,1
144,AMP085,Ampahitra,Ampahitra,1,5
145,AMP085,Ampahitra,Ampahitra,3,5
146,AMP085,Ampahitra,Ampahitra,4,5
147,AMP085,Ampahitra,Ampahitra,4,5
148,AMP085,Ampahitra,Ampahitra,4,5
149,AMP087,Ampahitra,Ampahitra,1,1
150,AMP087,Ampahitra,Ampahitra,4,4
151,AMP087,Ampahitra,Ampahitra,4,4
152,AMP087,Ampahitra,Ampahitra,4,4
153,AMP088,Ampahitra,Ampahitra,1,1
154,AMP088,Ampahitra,Ampahitra,4,1
155,AMP088,Ampahitra,Ampahitra,4,1
156,AMP088,Ampahitra,Ampahitra,4,1
157,AMP088,Ampahitra,Ampahitra,4,1
158,AMP088,Ampahitra,Ampahitra,3,1
159,AMP091,Ampahitra,Ampahitra,1,1
160,AMP091,Ampahitra,Ampahitra,3,1
161,AMP091,Ampahitra,Ampahitra,3,1
162,AMP091,Ampahitra,Ampahitra,4,1
163,AMP091,Ampahitra,Ampahitra,4,1
164,AMP091,Ampahitra,Ampahitra,3,1
165,AMP091,Ampahitra,Ampahitra,4,1
166,AMP093,Ampahitra,Ampahitra,1,4
167,AMP093,Ampahitra,Ampahitra,2,5
168,AMP093,Ampahitra,Ampahitra,3,5
169,AMP093,Ampahitra,Ampahitra,4,5
170,AMP093,Ampahitra,Ampahitra,4,5
171,AMP093,Ampahitra,Ampahitra,3,5
172,AMP093,Ampahitra,Ampahitra,4,5
173,AMP093,Ampahitra,Ampahitra,4,5
174,AMP096,Ampahitra,Ampahitra,1,4
175,AMP096,Ampahitra,Ampahitra,4,4
176,AMP096,Ampahitra,Ampahitra,4,4
177,AMP096,Ampahitra,Ampahitra,4,4
178,AMP096,Ampahitra,Ampahitra,3,4
179,AMP096,Ampahitra,Ampahitra,4,4
180,AMP097,Ampahitra,Ampahitra,1,5
181,AMP099,Ampahitra,Ampahitra,3,1
182,AMP099,Ampahitra,Ampahitra,1,5
183,AMP099,Ampahitra,Ampahitra,4,5
184,AMP102,Ampahitra,Ampahitra,1,3
185,AMP102,Ampahitra,Ampahitra,4,3
186,AMP103,Ampahitra,Ampahitra,1,5
187,AMP103,Ampahitra,Ampahitra,4,5
188,AMP106,Ampahitra,Ampahitra,2,1
189,AMP106,Ampahitra,Ampahitra,2,1
190,AMP108,Ampahitra,Ampahitra,1,4
191,AMP111,Ampahitra,Ampahitra,1,5
192,AMP111,Ampahitra,Ampahitra,4,4
193,AMP111,Ampahitra,Ampahitra,4,4
194,AMP111,Ampahitra,Ampahitra,4,5
195,AMP111,Ampahitra,Ampahitra,4,5
196,AMP111,Ampahitra,Ampahitra,4,5
197,AMP115,Ampahitra,Ampahitra,1,2
198,AMP115,Ampahitra,Ampahitra,4,2
199,AMP116,Ampahitra,Ampahitra,1,5
200,AMP116,Ampahitra,Ampahitra,4,5
201,AMP116,Ampahitra,Ampahitra,1,5
202,AMP119,Ampahitra,Ampahitra,1,1
203,AMP119,Ampahitra,Ampahitra,4,1
204,AMP119,Ampahitra,Ampahitra,4,1
205,AMP119,Ampahitra,Ampahitra,4,1
206,AMP119,Ampahitra,Ampahitra,3,1
207,AMP122,Ampahitra,Ampahitra,1,5
208,AMP122,Ampahitra,Ampahitra,4,5
209,AMP122,Ampahitra,Ampahitra,4,5
210,AMP122,Ampahitra,Ampahitra,4,5
211,AMP122,Ampahitra,Ampahitra,4,5
212,AMP122,Ampahitra,Ampahitra,4,5
213,AMP122,Ampahitra,Ampahitra,3,5
214,AMP125,Ampahitra,Ampahitra,1,1
215,AMP125,Ampahitra,Ampahitra,1,1
216,AMP127,Ampahitra,Ampahitra,2,1
217,AMP127,Ampahitra,Ampahitra,2,3
218,AMP128,Ampahitra,Ampahitra,1,1
219,AMP131,Ampahitra,Ampahitra,1,4
220,AMP131,Ampahitra,Ampahitra,4,1
221,AMP131,Ampahitra,Ampahitra,4,5
222,AMP132,Ampahitra,Ampahitra,1,5
223,AMP132,Ampahitra,Ampahitra,4,5
224,AMP132,Ampahitra,Ampahitra,4,5
225,AMP133,Ampahitra,Ampahitra,1,1
226,AMP133,Ampahitra,Ampahitra,4,1
227,AMP136,Ampahitra,Ampahitra,1,5
228,AMP136,Ampahitra,Ampahitra,4,3
229,AMP136,Ampahitra,Ampahitra,4,5
230,AMP137,Ampahitra,Ampahitra,1,2
231,AMP137,Ampahitra,Ampahitra,1,2
232,AMP137,Ampahitra,Ampahitra,4,2
233,AMP137,Ampahitra,Ampahitra,4,2
234,AMP137,Ampahitra,Ampahitra,4,2
235,AMP137,Ampahitra,Ampahitra,2,2
236,AMP139,Ampahitra,Ampahitra,1,1
237,AMP139,Ampahitra,Ampahitra,4,1
238,AMP141,Ampahitra,Ampahitra,1,1
239,AMP141,Ampahitra,Ampahitra,1,1
240,AMP141,Ampahitra,Ampahitra,4,1
241,AMP141,Ampahitra,Ampahitra,4,1
242,AMP141,Ampahitra,Ampahitra,3,1
243,AMP142,Ampahitra,Ampahitra,1,5
244,AMP142,Ampahitra,Ampahitra,4,4
245,AMP142,Ampahitra,Ampahitra,4,4
246,AMP142,Ampahitra,Ampahitra,4,1
247,AMP142,Ampahitra,Ampahitra,4,5
248,AMP142,Ampahitra,Ampahitra,3,5
249,AMP142,Ampahitra,Ampahitra,3,1
250,AMP145,Ampahitra,Ampahitra,1,5
251,AMP145,Ampahitra,Ampahitra,4,5
252,AMP145,Ampahitra,Ampahitra,4,5
253,AMP145,Ampahitra,Ampahitra,3,5
254,AMP147,Ampahitra,Ampahitra,1,4
255,AMP147,Ampahitra,Ampahitra,4,4
256,AMP147,Ampahitra,Ampahitra,4,4
257,AMP147,Ampahitra,Ampahitra,2,1
258,AMP149,Ampahitra,Ampahitra,1,4
259,AMP149,Ampahitra,Ampahitra,1,4
260,AMP152,Ampahitra,Ampahitra,1,6
261,AMP152,Ampahitra,Ampahitra,1,6
262,AMP153,Ampahitra,Ampahitra,1,4
263,AMP155,Ampahitra,Ampahitra,1,1
264,AMP155,Ampahitra,Ampahitra,1,1
265,AMP155,Ampahitra,Ampahitra,1,1
266,AMP155,Ampahitra,Ampahitra,1,1
267,AMP155,Ampahitra,Ampahitra,1,1
268,AMP157,Ampahitra,Ampahitra,1,5
269,AMP157,Ampahitra,Ampahitra,1,5
270,AMP157,Ampahitra,Ampahitra,3,5
271,AMP157,Ampahitra,Ampahitra,4,5
272,AMP157,Ampahitra,Ampahitra,4,5
273,AMP158,Ampahitra,Ampahitra,1,4
274,AMP158,Ampahitra,Ampahitra,4,4
275,AMP158,Ampahitra,Ampahitra,4,1
276,AMP159,Ampahitra,Ampahitra,1,5
277,AMP159,Ampahitra,Ampahitra,4,5
278,AMP160,Ampahitra,Ampahitra,2,5
279,AMP160,Ampahitra,Ampahitra,1,5
280,AMP160,Ampahitra,Ampahitra,1,3
281,AMP164,Ampahitra,Ampahitra,1,5
282,AMP164,Ampahitra,Ampahitra,1,5
283,AMP164,Ampahitra,Ampahitra,4,5
284,AMP164,Ampahitra,Ampahitra,4,5
285,AMP165,Ampahitra,Ampahitra,1,5
286,AMP165,Ampahitra,Ampahitra,4,5
287,AMP165,Ampahitra,Ampahitra,4,5
288,AMP165,Ampahitra,Ampahitra,4,5
289,AMP169,Ampahitra,Ampahitra,1,1
290,AMP170,Ampahitra,Ampahitra,1,1
291,AMP170,Ampahitra,Ampahitra,1,1
292,AMP170,Ampahitra,Ampahitra,4,1
293,AMP170,Ampahitra,Ampahitra,4,1
294,AMP170,Ampahitra,Ampahitra,4,1
295,AMP172,Ampahitra,Ampahitra,1,4
296,AMP172,Ampahitra,Ampahitra,4,4
297,AMP173,Ampahitra,Ampahitra,1,4
298,AMP173,Ampahitra,Ampahitra,1,4
299,AMP173,Ampahitra,Ampahitra,1,5
300,AMP174,Ampahitra,Ampahitra,1,4
301,AMP174,Ampahitra,Ampahitra,1,4
302,AMP174,Ampahitra,Ampahitra,1,4
303,AMP174,Ampahitra,Ampahitra,1,4
304,AMP174,Ampahitra,Ampahitra,1,4
305,AMP176,Ampahitra,Ampahitra,1,4
306,AMP176,Ampahitra,Ampahitra,1,4
307,AMP176,Ampahitra,Ampahitra,1,4
308,AMP176,Ampahitra,Ampahitra,1,4
309,AMP179,Ampahitra,Ampahitra,1,2
310,AMP180,Ampahitra,Ampahitra,1,1
311,AMP184,Ampahitra,Ampahitra,1,4
312,AMP187,Ampahitra,Ampahitra,1,1
313,AMP187,Ampahitra,Ampahitra,1,1
314,AMP188,Ampahitra,Ampahitra,1,3
315,AMP188,Ampahitra,Ampahitra,4,3
316,AMP188,Ampahitra,Ampahitra,3,5
317,AMP189,Ampahitra,Ampahitra,1,5
318,AMP189,Ampahitra,Ampahitra,2,5
319,AMP189,Ampahitra,Ampahitra,3,5
320,AMP192,Ampahitra,Ampahitra,1,3
321,AMP192,Ampahitra,Ampahitra,1,5
322,AMP194,Ampahitra,Ampahitra,1,2
323,AMP194,Ampahitra,Ampahitra,4,5
324,AMP196,Ampahitra,Ampahitra,3,6
325,AMP196,Ampahitra,Ampahitra,1,6
326,AMP196,Ampahitra,Ampahitra,4,6
327,AMP196,Ampahitra,Ampahitra,4,6
328,AMP197,Ampahitra,Ampahitra,1,5
329,AMP197,Ampahitra,Ampahitra,4,5
330,AMP197,Ampahitra,Ampahitra,4,5
331,AMP197,Ampahitra,Ampahitra,1,2
332,AMP200,Ampahitra,Ampahitra,3,5
333,AMP200,Ampahitra,Ampahitra,1,5
334,AMP201,Ampahitra,Ampahitra,1,5
335,AMP201,Ampahitra,Ampahitra,4,5
336,AMP203,Ampahitra,Ampahitra,1,5
337,AMP203,Ampahitra,Ampahitra,1,5
338,AMB001,Zahamena,Ambodivoangy,1,1
339,AMB001,Zahamena,Ambodivoangy,1,1
340,AMB001,Zahamena,Ambodivoangy,3,2
341,AMB001,Zahamena,Ambodivoangy,4,1
342,AMB002,Zahamena,Ambodivoangy,1,3
343,AMB002,Zahamena,Ambodivoangy,1,1
344,AMB002,Zahamena,Ambodivoangy,1,1
345,AMB002,Zahamena,Ambodivoangy,3,1
346,AMB002,Zahamena,Ambodivoangy,3,1
347,AMB002,Zahamena,Ambodivoangy,4,3
348,AMB002,Zahamena,Ambodivoangy,4,3
349,AMB003,Zahamena,Ambodivoangy,1,5
350,AMB003,Zahamena,Ambodivoangy,1,4
351,AMB003,Zahamena,Ambodivoangy,1,1
352,AMB003,Zahamena,Ambodivoangy,3,1
353,AMB003,Zahamena,Ambodivoangy,4,1
354,AMB003,Zahamena,Ambodivoangy,4,1
355,AMB003,Zahamena,Ambodivoangy,4,3
356,AMB004,Zahamena,Ambodivoangy,1,1
357,AMB004,Zahamena,Ambodivoangy,1,5
358,AMB004,Zahamena,Ambodivoangy,1,1
359,AMB004,Zahamena,Ambodivoangy,4,1
360,AMB004,Zahamena,Ambodivoangy,4,1
361,AMB005,Zahamena,Ambodivoangy,1,5
362,AMB005,Zahamena,Ambodivoangy,1,1
363,AMB005,Zahamena,Ambodivoangy,3,1
364,AMB006,Zahamena,Ambodivoangy,1,1
365,AMB006,Zahamena,Ambodivoangy,3,1
366,AMB006,Zahamena,Ambodivoangy,3,1
367,AMB006,Zahamena,Ambodivoangy,4,1
368,AMB006,Zahamena,Ambodivoangy,4,1
369,AMB007,Zahamena,Ambodivoangy,1,1
370,AMB007,Zahamena,Ambodivoangy,1,1
371,AMB007,Zahamena,Ambodivoangy,1,4
372,AMB007,Zahamena,Ambodivoangy,4,1
373,AMB007,Zahamena,Ambodivoangy,4,1
374,AMB007,Zahamena,Ambodivoangy,4,1
375,AMB007,Zahamena,Ambodivoangy,4,1
376,AMB007,Zahamena,Ambodivoangy,4,1
377,AMB008,Zahamena,Ambodivoangy,1,5
378,AMB008,Zahamena,Ambodivoangy,1,1
379,AMB008,Zahamena,Ambodivoangy,1,1
380,AMB008,Zahamena,Ambodivoangy,3,1
381,AMB008,Zahamena,Ambodivoangy,3,1
382,AMB008,Zahamena,Ambodivoangy,4,1
383,AMB008,Zahamena,Ambodivoangy,4,1
384,AMB008,Zahamena,Ambodivoangy,4,1
385,AMB009,Zahamena,Ambodivoangy,3,1
386,AMB009,Zahamena,Ambodivoangy,3,3
387,AMB010,Zahamena,Ambodivoangy,3,4
388,AMB010,Zahamena,Ambodivoangy,3,4
389,AMB010,Zahamena,Ambodivoangy,4,4
390,AMB010,Zahamena,Ambodivoangy,4,3
391,AMB010,Zahamena,Ambodivoangy,4,3
392,AMB011,Zahamena,Ambodivoangy,3,3
393,AMB011,Zahamena,Ambodivoangy,3,1
394,AMB011,Zahamena,Ambodivoangy,1,1
395,AMB011,Zahamena,Ambodivoangy,4,1
396,AMB011,Zahamena,Ambodivoangy,4,1
397,AMB011,Zahamena,Ambodivoangy,4,1
398,AMB011,Zahamena,Ambodivoangy,4,1
399,AMB012,Zahamena,Ambodivoangy,1,1
400,AMB012,Zahamena,Ambodivoangy,4,1
401,AMB012,Zahamena,Ambodivoangy,4,1
402,AMB012,Zahamena,Ambodivoangy,4,1
403,AMB012,Zahamena,Ambodivoangy,4,1
404,AMB012,Zahamena,Ambodivoangy,4,1
405,AMB012,Zahamena,Ambodivoangy,4,1
406,AMB013,Zahamena,Ambodivoangy,1,2
407,AMB013,Zahamena,Ambodivoangy,1,1
408,AMB013,Zahamena,Ambodivoangy,1,1
409,AMB013,Zahamena,Ambodivoangy,3,1
410,AMB013,Zahamena,Ambodivoangy,4,1
411,AMB013,Zahamena,Ambodivoangy,4,1
412,AMB013,Zahamena,Ambodivoangy,4,1
413,AMB013,Zahamena,Ambodivoangy,4,1
414,AMB013,Zahamena,Ambodivoangy,4,1
415,AMB014,Zahamena,Ambodivoangy,1,2
416,AMB014,Zahamena,Ambodivoangy,4,1
417,AMB014,Zahamena,Ambodivoangy,4,1
418,AMB014,Zahamena,Ambodivoangy,4,1
419,AMB015,Zahamena,Ambodivoangy,1,1
420,AMB015,Zahamena,Ambodivoangy,4,1
421,AMB015,Zahamena,Ambodivoangy,4,1
422,AMB015,Zahamena,Ambodivoangy,4,3
423,AMB016,Zahamena,Ambodivoangy,1,1
424,AMB016,Zahamena,Ambodivoangy,3,1
425,AMB016,Zahamena,Ambodivoangy,4,1
426,AMB016,Zahamena,Ambodivoangy,4,1
427,AMB016,Zahamena,Ambodivoangy,4,1
428,AMB016,Zahamena,Ambodivoangy,4,1
429,AMB017,Zahamena,Ambodivoangy,1,1
430,AMB017,Zahamena,Ambodivoangy,3,3
431,AMB017,Zahamena,Ambodivoangy,3,3
432,AMB017,Zahamena,Ambodivoangy,4,1
433,AMB017,Zahamena,Ambodivoangy,4,1
434,AMB017,Zahamena,Ambodivoangy,4,3
435,AMB018,Zahamena,Ambodivoangy,3,1
436,AMB018,Zahamena,Ambodivoangy,3,4
437,AMB018,Zahamena,Ambodivoangy,3,1
438,AMB018,Zahamena,Ambodivoangy,4,4
439,AMB018,Zahamena,Ambodivoangy,4,1
440,AMB019,Zahamena,Ambodivoangy,1,5
441,AMB019,Zahamena,Ambodivoangy,1,5
442,AMB019,Zahamena,Ambodivoangy,4,5
443,AMB019,Zahamena,Ambodivoangy,4,5
444,AMB019,Zahamena,Ambodivoangy,4,1
445,AMB020,Zahamena,Ambodivoangy,1,1
446,AMB020,Zahamena,Ambodivoangy,1,4
447,AMB020,Zahamena,Ambodivoangy,1,4
448,AMB020,Zahamena,Ambodivoangy,4,4
449,AMB020,Zahamena,Ambodivoangy,4,4
450,AMB020,Zahamena,Ambodivoangy,4,4
451,AMB020,Zahamena,Ambodivoangy,4,4
452,AMB021,Zahamena,Ambodivoangy,1,1
453,AMB021,Zahamena,Ambodivoangy,1,1
454,AMB021,Zahamena,Ambodivoangy,4,1
455,AMB021,Zahamena,Ambodivoangy,4,1
456,AMB021,Zahamena,Ambodivoangy,4,1
457,AMB021,Zahamena,Ambodivoangy,4,1
458,AMB022,Zahamena,Ambodivoangy,1,1
459,AMB022,Zahamena,Ambodivoangy,4,1
460,AMB023,Zahamena,Ambodivoangy,1,1
461,AMB023,Zahamena,Ambodivoangy,4,1
462,AMB023,Zahamena,Ambodivoangy,4,1
463,AMB023,Zahamena,Ambodivoangy,4,1
464,AMB023,Zahamena,Ambodivoangy,4,1
465,AMB023,Zahamena,Ambodivoangy,4,1
466,AMB024,Zahamena,Ambodivoangy,1,3
467,AMB024,Zahamena,Ambodivoangy,4,4
468,AMB024,Zahamena,Ambodivoangy,4,4
469,AMB024,Zahamena,Ambodivoangy,4,4
470,AMB024,Zahamena,Ambodivoangy,4,4
471,AMB024,Zahamena,Ambodivoangy,4,4
472,AMB024,Zahamena,Ambodivoangy,4,4
473,AMB025,Zahamena,Ambodivoangy,1,1
474,AMB025,Zahamena,Ambodivoangy,4,1
475,AMB025,Zahamena,Ambodivoangy,4,1
476,AMB025,Zahamena,Ambodivoangy,4,1
477,AMB026,Zahamena,Ambodivoangy,3,3
478,AMB026,Zahamena,Ambodivoangy,4,4
479,AMB026,Zahamena,Ambodivoangy,4,4
480,AMB026,Zahamena,Ambodivoangy,4,3
481,AMB027,Zahamena,Ambodivoangy,1,1
482,AMB027,Zahamena,Ambodivoangy,4,4
483,AMB027,Zahamena,Ambodivoangy,4,1
484,AMB028,Zahamena,Ambodivoangy,3,1
485,AMB028,Zahamena,Ambodivoangy,4,1
486,AMB028,Zahamena,Ambodivoangy,4,3
487,AMB028,Zahamena,Ambodivoangy,4,1
488,AMB028,Zahamena,Ambodivoangy,4,1
489,AMB028,Zahamena,Ambodivoangy,4,1
490,AMB029,Zahamena,Ambodivoangy,3,3
491,AMB029,Zahamena,Ambodivoangy,1,3
492,AMB029,Zahamena,Ambodivoangy,4,1
493,AMB029,Zahamena,Ambodivoangy,4,3
494,AMB029,Zahamena,Ambodivoangy,4,1
495,AMB030,Zahamena,Ambodivoangy,1,3
496,AMB030,Zahamena,Ambodivoangy,4,1
497,AMB030,Zahamena,Ambodivoangy,4,1
498,AMB031,Zahamena,Ambodivoangy,1,5
499,AMB031,Zahamena,Ambodivoangy,4,5
500,AMB031,Zahamena,Ambodivoangy,4,1
501,AMB031,Zahamena,Ambodivoangy,4,3
502,AMB031,Zahamena,Ambodivoangy,4,1
503,AMB032,Zahamena,Ambodivoangy,1,
504,AMB033,Zahamena,Ambodivoangy,1,1
505,AMB033,Zahamena,Ambodivoangy,4,1
506,AMB034,Zahamena,Ambodivoangy,1,1
507,AMB035,Zahamena,Ambodivoangy,3,2
508,AMB035,Zahamena,Ambodivoangy,4,4
509,AMB035,Zahamena,Ambodivoangy,4,4
510,AMB036,Zahamena,Ambodivoangy,3,1
511,AMB036,Zahamena,Ambodivoangy,1,4
512,AMB036,Zahamena,Ambodivoangy,4,1
513,AMB036,Zahamena,Ambodivoangy,4,1
514,AMB036,Zahamena,Ambodivoangy,4,1
515,AMB036,Zahamena,Ambodivoangy,4,4
516,AMB037,Zahamena,Ambodivoangy,1,3
517,AMB037,Zahamena,Ambodivoangy,1,5
518,AMB037,Zahamena,Ambodivoangy,4,1
519,AMB037,Zahamena,Ambodivoangy,4,3
520,AMB037,Zahamena,Ambodivoangy,4,1
521,AMB038,Zahamena,Ambodivoangy,1,1
522,AMB038,Zahamena,Ambodivoangy,4,1
523,AMB038,Zahamena,Ambodivoangy,4,1
524,AMB038,Zahamena,Ambodivoangy,4,1
525,AMB039,Zahamena,Ambodivoangy,1,1
526,AMB039,Zahamena,Ambodivoangy,4,1
527,AMB039,Zahamena,Ambodivoangy,4,1
528,AMB040,Zahamena,Ambodivoangy,1,3
529,AMB040,Zahamena,Ambodivoangy,3,3
530,AMB040,Zahamena,Ambodivoangy,4,3
531,AMB040,Zahamena,Ambodivoangy,4,3
532,AMB040,Zahamena,Ambodivoangy,4,3
533,AMB040,Zahamena,Ambodivoangy,4,3
534,AMB041,Zahamena,Ambodivoangy,1,1
535,AMB041,Zahamena,Ambodivoangy,4,1
536,AMB042,Zahamena,Ambodivoangy,1,3
537,AMB042,Zahamena,Ambodivoangy,4,3
538,AMB042,Zahamena,Ambodivoangy,4,3
539,AMB042,Zahamena,Ambodivoangy,4,3
540,AMB043,Zahamena,Ambodivoangy,1,4
541,AMB043,Zahamena,Ambodivoangy,4,1
542,AMB043,Zahamena,Ambodivoangy,4,1
543,AMB043,Zahamena,Ambodivoangy,4,1
544,AMB043,Zahamena,Ambodivoangy,4,4
545,AMB044,Zahamena,Ambodivoangy,1,1
546,AMB044,Zahamena,Ambodivoangy,3,1
547,AMB044,Zahamena,Ambodivoangy,4,1
548,AMB044,Zahamena,Ambodivoangy,4,1
549,AMB044,Zahamena,Ambodivoangy,4,1
550,AMB044,Zahamena,Ambodivoangy,4,1
551,AMB045,Zahamena,Ambodivoangy,1,4
552,AMB045,Zahamena,Ambodivoangy,4,1
553,AMB045,Zahamena,Ambodivoangy,4,1
554,AMB046,Zahamena,Ambodivoangy,1,1
555,AMB046,Zahamena,Ambodivoangy,4,1
556,AMB046,Zahamena,Ambodivoangy,4,1
557,AMB046,Zahamena,Ambodivoangy,4,1
558,AMB047,Zahamena,Ambodivoangy,1,1
559,AMB047,Zahamena,Ambodivoangy,3,1
560,AMB047,Zahamena,Ambodivoangy,3,3
561,AMB047,Zahamena,Ambodivoangy,4,1
562,AMB047,Zahamena,Ambodivoangy,4,1
563,AMB048,Zahamena,Ambodivoangy,1,5
564,AMB048,Zahamena,Ambodivoangy,3,1
565,AMB048,Zahamena,Ambodivoangy,4,1
566,AMB048,Zahamena,Ambodivoangy,4,1
567,AMB048,Zahamena,Ambodivoangy,2,4
568,AMB048,Zahamena,Ambodivoangy,4,1
569,AMB049,Zahamena,Ambodivoangy,3,1
570,AMB049,Zahamena,Ambodivoangy,4,1
571,AMB049,Zahamena,Ambodivoangy,4,1
572,AMB049,Zahamena,Ambodivoangy,5,1
573,AMB050,Zahamena,Ambodivoangy,1,2
574,AMB050,Zahamena,Ambodivoangy,4,1
575,AMB050,Zahamena,Ambodivoangy,4,1
576,AMB050,Zahamena,Ambodivoangy,4,1
577,AMB051,Zahamena,Ambodivoangy,1,4
578,AMB051,Zahamena,Ambodivoangy,4,3
579,AMB051,Zahamena,Ambodivoangy,4,1
580,AMB051,Zahamena,Ambodivoangy,4,3
581,AMB051,Zahamena,Ambodivoangy,4,3
582,AMB051,Zahamena,Ambodivoangy,4,3
583,AMB052,Zahamena,Ambodivoangy,1,1
584,AMB052,Zahamena,Ambodivoangy,4,3
585,AMB052,Zahamena,Ambodivoangy,4,1
586,AMB052,Zahamena,Ambodivoangy,4,1
587,AMB053,Zahamena,Ambodivoangy,1,4
588,AMB053,Zahamena,Ambodivoangy,3,1
589,AMB053,Zahamena,Ambodivoangy,4,1
590,AMB053,Zahamena,Ambodivoangy,4,1
591,AMB054,Zahamena,Ambodivoangy,1,2
592,AMB054,Zahamena,Ambodivoangy,1,2
593,AMB054,Zahamena,Ambodivoangy,4,1
594,AMB054,Zahamena,Ambodivoangy,4,5
595,AMB055,Zahamena,Ambodivoangy,1,1
596,AMB055,Zahamena,Ambodivoangy,4,1
597,AMB056,Zahamena,Ambodivoangy,1,3
598,AMB056,Zahamena,Ambodivoangy,1,3
599,AMB056,Zahamena,Ambodivoangy,1,3
600,AMB056,Zahamena,Ambodivoangy,4,1
601,AMB056,Zahamena,Ambodivoangy,4,1
602,AMB057,Zahamena,Ambodivoangy,1,4
603,AMB057,Zahamena,Ambodivoangy,1,1
604,AMB057,Zahamena,Ambodivoangy,4,1
605,AMB057,Zahamena,Ambodivoangy,4,4
606,AMB057,Zahamena,Ambodivoangy,4,4
607,AMB058,Zahamena,Ambodivoangy,1,5
608,AMB058,Zahamena,Ambodivoangy,4,5
609,AMB059,Zahamena,Ambodivoangy,1,4
610,AMB059,Zahamena,Ambodivoangy,3,4
611,AMB059,Zahamena,Ambodivoangy,4,1
612,AMB059,Zahamena,Ambodivoangy,4,1
613,AMB060,Zahamena,Ambodivoangy,1,3
614,AMB061,Zahamena,Ambodivoangy,1,1
615,AMB061,Zahamena,Ambodivoangy,1,1
616,AMB061,Zahamena,Ambodivoangy,3,1
617,AMB061,Zahamena,Ambodivoangy,3,1
618,AMB061,Zahamena,Ambodivoangy,4,1
619,AMB061,Zahamena,Ambodivoangy,4,1
620,AMB061,Zahamena,Ambodivoangy,4,1
621,AMB061,Zahamena,Ambodivoangy,4,1
622,AMB062,Zahamena,Ambodivoangy,1,2
623,AMB062,Zahamena,Ambodivoangy,1,1
624,AMB062,Zahamena,Ambodivoangy,4,1
625,AMB062,Zahamena,Ambodivoangy,4,1
626,AMB062,Zahamena,Ambodivoangy,4,1
627,AMB063,Zahamena,Ambodivoangy,1,1
628,AMB063,Zahamena,Ambodivoangy,3,5
629,AMB063,Zahamena,Ambodivoangy,4,5
630,AMB063,Zahamena,Ambodivoangy,4,4
631,AMB063,Zahamena,Ambodivoangy,4,1
632,AMB063,Zahamena,Ambodivoangy,4,5
633,AMB063,Zahamena,Ambodivoangy,4,1
634,AMB064,Zahamena,Ambodivoangy,1,4
635,AMB064,Zahamena,Ambodivoangy,4,1
636,AMB064,Zahamena,Ambodivoangy,3,1
637,AMB064,Zahamena,Ambodivoangy,4,1
638,AMB065,Zahamena,Ambodivoangy,2,4
639,AMB065,Zahamena,Ambodivoangy,2,1
640,AMB065,Zahamena,Ambodivoangy,4,1
641,AMB065,Zahamena,Ambodivoangy,4,1
642,AMB066,Zahamena,Ambodivoangy,1,1
643,AMB066,Zahamena,Ambodivoangy,3,1
644,AMB066,Zahamena,Ambodivoangy,4,1
645,AMB066,Zahamena,Ambodivoangy,4,1
646,AMB066,Zahamena,Ambodivoangy,4,1
647,AMB066,Zahamena,Ambodivoangy,4,1
648,AMB067,Zahamena,Ambodivoangy,1,2
649,AMB067,Zahamena,Ambodivoangy,1,1
650,AMB067,Zahamena,Ambodivoangy,4,4
651,AMB067,Zahamena,Ambodivoangy,4,1
652,AMB068,Zahamena,Ambodivoangy,1,1
653,AMB068,Zahamena,Ambodivoangy,4,1
654,AMB069,Zahamena,Ambodivoangy,1,5
655,AMB069,Zahamena,Ambodivoangy,4,5
656,AMB069,Zahamena,Ambodivoangy,4,5
657,AMB070,Zahamena,Ambodivoangy,3,5
658,AMB070,Zahamena,Ambodivoangy,4,1
659,AMB070,Zahamena,Ambodivoangy,4,1
660,AMB070,Zahamena,Ambodivoangy,4,1
661,AMB070,Zahamena,Ambodivoangy,3,1
662,AMB070,Zahamena,Ambodivoangy,3,5
663,AMB070,Zahamena,Ambodivoangy,2,1
664,AMB070,Zahamena,Ambodivoangy,3,5
665,AMB071,Zahamena,Ambodivoangy,1,5
666,AMB071,Zahamena,Ambodivoangy,3,5
667,AMB071,Zahamena,Ambodivoangy,4,5
668,AMB071,Zahamena,Ambodivoangy,4,5
669,AMB071,Zahamena,Ambodivoangy,4,5
670,AMB071,Zahamena,Ambodivoangy,4,5
671,AMB071,Zahamena,Ambodivoangy,4,5
672,AMB071,Zahamena,Ambodivoangy,2,5
673,AMB072,Zahamena,Ambodivoangy,1,5
674,AMB072,Zahamena,Ambodivoangy,4,1
675,AMB072,Zahamena,Ambodivoangy,4,1
676,AMB072,Zahamena,Ambodivoangy,4,1
677,AMB072,Zahamena,Ambodivoangy,4,5
678,AMB072,Zahamena,Ambodivoangy,4,1
679,AMB072,Zahamena,Ambodivoangy,4,1
680,AMB072,Zahamena,Ambodivoangy,4,1
681,AMB072,Zahamena,Ambodivoangy,3,1
682,AMB073,Zahamena,Ambodivoangy,1,2
683,AMB073,Zahamena,Ambodivoangy,1,3
684,AMB073,Zahamena,Ambodivoangy,3,5
685,AMB073,Zahamena,Ambodivoangy,4,3
686,AMB073,Zahamena,Ambodivoangy,4,3
687,AMB073,Zahamena,Ambodivoangy,4,3
688,AMB074,Zahamena,Ambodivoangy,1,1
689,AMB074,Zahamena,Ambodivoangy,4,1
690,AMB075,Zahamena,Ambodivoangy,1,5
691,AMB075,Zahamena,Ambodivoangy,4,5
692,AMB075,Zahamena,Ambodivoangy,4,5
693,AMB075,Zahamena,Ambodivoangy,4,1
694,AMB076,Zahamena,Ambodivoangy,1,1
695,AMB076,Zahamena,Ambodivoangy,4,1
696,AMB076,Zahamena,Ambodivoangy,4,1
697,AMB076,Zahamena,Ambodivoangy,4,1
698,AMB076,Zahamena,Ambodivoangy,4,1
699,AMB076,Zahamena,Ambodivoangy,4,1
700,AMB077,Zahamena,Ambodivoangy,1,3
701,AMB077,Zahamena,Ambodivoangy,4,1
702,AMB077,Zahamena,Ambodivoangy,4,1
703,AMB077,Zahamena,Ambodivoangy,4,3
704,AMB078,Zahamena,Ambodivoangy,1,4
705,AMB078,Zahamena,Ambodivoangy,3,5
706,AMB078,Zahamena,Ambodivoangy,4,1
707,AMB078,Zahamena,Ambodivoangy,4,1
708,AMB078,Zahamena,Ambodivoangy,4,1
709,AMB079,Zahamena,Ambodivoangy,1,3
710,AMB079,Zahamena,Ambodivoangy,3,1
711,AMB079,Zahamena,Ambodivoangy,4,3
712,AMB079,Zahamena,Ambodivoangy,4,1
713,AMB079,Zahamena,Ambodivoangy,2,1
714,AMB079,Zahamena,Ambodivoangy,4,1
715,AMB079,Zahamena,Ambodivoangy,4,3
716,AMB080,Zahamena,Ambodivoangy,1,6
717,AMB080,Zahamena,Ambodivoangy,4,6
718,AMB080,Zahamena,Ambodivoangy,4,6
719,AMB080,Zahamena,Ambodivoangy,4,1
720,AMB080,Zahamena,Ambodivoangy,4,3
721,AMB081,Zahamena,Ambodivoangy,1,2
722,AMB081,Zahamena,Ambodivoangy,3,1
723,AMB081,Zahamena,Ambodivoangy,1,1
724,AMB081,Zahamena,Ambodivoangy,4,1
725,AMB081,Zahamena,Ambodivoangy,4,1
726,AMB081,Zahamena,Ambodivoangy,4,1
727,AMB081,Zahamena,Ambodivoangy,4,1
728,AMB082,Zahamena,Ambodivoangy,1,4
729,AMB082,Zahamena,Ambodivoangy,3,3
730,AMB082,Zahamena,Ambodivoangy,2,1
731,AMB082,Zahamena,Ambodivoangy,4,1
732,AMB082,Zahamena,Ambodivoangy,4,4
733,AMB082,Zahamena,Ambodivoangy,4,1
734,AMB083,Zahamena,Ambodivoangy,1,1
735,AMB083,Zahamena,Ambodivoangy,3,5
736,AMB083,Zahamena,Ambodivoangy,4,1
737,AMB083,Zahamena,Ambodivoangy,4,1
738,AMB084,Zahamena,Ambodivoangy,1,5
739,AMB084,Zahamena,Ambodivoangy,4,5
740,AMB084,Zahamena,Ambodivoangy,4,3
741,AMB084,Zahamena,Ambodivoangy,4,5
742,AMB084,Zahamena,Ambodivoangy,4,3
743,AMB084,Zahamena,Ambodivoangy,4,5
744,AMB084,Zahamena,Ambodivoangy,4,1
745,AMB085,Zahamena,Ambodivoangy,1,1
746,AMB085,Zahamena,Ambodivoangy,4,1
747,AMB085,Zahamena,Ambodivoangy,4,1
748,AMB085,Zahamena,Ambodivoangy,2,1
749,AMB086,Zahamena,Ambodivoangy,1,1
750,AMB086,Zahamena,Ambodivoangy,1,1
751,AMB086,Zahamena,Ambodivoangy,2,1
752,AMB086,Zahamena,Ambodivoangy,4,1
753,AMB086,Zahamena,Ambodivoangy,4,1
754,AMB086,Zahamena,Ambodivoangy,4,1
755,AMB086,Zahamena,Ambodivoangy,4,1
756,AMB086,Zahamena,Ambodivoangy,4,1
757,AMB087,Zahamena,Ambodivoangy,1,1
758,AMB087,Zahamena,Ambodivoangy,4,1
759,AMB087,Zahamena,Ambodivoangy,4,1
760,AMB087,Zahamena,Ambodivoangy,4,1
761,AMB087,Zahamena,Ambodivoangy,4,1
762,AMB087,Zahamena,Ambodivoangy,2,1
763,AMB088,Zahamena,Ambodivoangy,1,4
764,AMB088,Zahamena,Ambodivoangy,4,1
765,AMB088,Zahamena,Ambodivoangy,4,1
766,AMB088,Zahamena,Ambodivoangy,4,1
767,AMB088,Zahamena,Ambodivoangy,4,1
768,ANT001,Zahamena,Antevibe,1,1
769,ANT001,Zahamena,Antevibe,3,1
770,ANT001,Zahamena,Antevibe,4,1
771,ANT001,Zahamena,Antevibe,4,1
772,ANT001,Zahamena,Antevibe,4,1
773,ANT001,Zahamena,Antevibe,1,1
774,ANT002,Zahamena,Antevibe,1,5
775,ANT002,Zahamena,Antevibe,3,1
776,ANT002,Zahamena,Antevibe,4,1
777,ANT002,Zahamena,Antevibe,4,1
778,ANT002,Zahamena,Antevibe,4,1
779,ANT002,Zahamena,Antevibe,4,1
780,ANT003,Zahamena,Antevibe,1,4
781,ANT003,Zahamena,Antevibe,1,1
782,ANT003,Zahamena,Antevibe,1,4
783,ANT004,Zahamena,Antevibe,1,1
784,ANT004,Zahamena,Antevibe,1,2
785,ANT004,Zahamena,Antevibe,4,1
786,ANT004,Zahamena,Antevibe,4,1
787,ANT005,Zahamena,Antevibe,1,1
788,ANT005,Zahamena,Antevibe,4,1
789,ANT005,Zahamena,Antevibe,4,1
790,ANT005,Zahamena,Antevibe,4,1
791,ANT005,Zahamena,Antevibe,4,6
792,ANT005,Zahamena,Antevibe,4,1
793,ANT006,Zahamena,Antevibe,1,1
794,ANT006,Zahamena,Antevibe,4,1
795,ANT006,Zahamena,Antevibe,4,1
796,ANT007,Zahamena,Antevibe,1,1
797,ANT007,Zahamena,Antevibe,4,1
798,ANT007,Zahamena,Antevibe,4,1
799,ANT007,Zahamena,Antevibe,4,1
800,ANT007,Zahamena,Antevibe,4,1
801,ANT007,Zahamena,Antevibe,4,1
802,ANT008,Zahamena,Antevibe,1,3
803,ANT008,Zahamena,Antevibe,1,1
804,ANT008,Zahamena,Antevibe,4,1
805,ANT008,Zahamena,Antevibe,4,4
806,ANT009,Zahamena,Antevibe,1,1
807,ANT009,Zahamena,Antevibe,4,1
808,ANT009,Zahamena,Antevibe,4,1
809,ANT009,Zahamena,Antevibe,4,1
810,ANT010,Zahamena,Antevibe,1,4
811,ANT010,Zahamena,Antevibe,1,1
812,ANT010,Zahamena,Antevibe,4,1
813,ANT010,Zahamena,Antevibe,4,1
814,ANT010,Zahamena,Antevibe,4,1
815,ANT010,Zahamena,Antevibe,4,1
816,ANT011,Zahamena,Antevibe,1,3
817,ANT011,Zahamena,Antevibe,1,1
818,ANT011,Zahamena,Antevibe,1,1
819,ANT011,Zahamena,Antevibe,3,1
820,ANT011,Zahamena,Antevibe,4,1
821,ANT011,Zahamena,Antevibe,1,1
822,ANT012,Zahamena,Antevibe,1,1
823,ANT012,Zahamena,Antevibe,4,1
824,ANT012,Zahamena,Antevibe,4,1
825,ANT013,Zahamena,Antevibe,1,1
826,ANT013,Zahamena,Antevibe,1,1
827,ANT013,Zahamena,Antevibe,3,1
828,ANT013,Zahamena,Antevibe,4,1
829,ANT013,Zahamena,Antevibe,4,1
830,ANT014,Zahamena,Antevibe,1,4
831,ANT014,Zahamena,Antevibe,4,4
832,ANT015,Zahamena,Antevibe,3,3
833,ANT015,Zahamena,Antevibe,4,1
834,ANT015,Zahamena,Antevibe,4,1
835,ANT016,Zahamena,Antevibe,1,1
836,ANT016,Zahamena,Antevibe,4,1
837,ANT016,Zahamena,Antevibe,4,1
838,ANT016,Zahamena,Antevibe,4,1
839,ANT016,Zahamena,Antevibe,4,1
840,ANT017,Zahamena,Antevibe,1,1
841,ANT017,Zahamena,Antevibe,1,5
842,ANT017,Zahamena,Antevibe,4,5
843,ANT017,Zahamena,Antevibe,4,5
844,ANT017,Zahamena,Antevibe,4,5
845,ANT018,Zahamena,Antevibe,1,1
846,ANT018,Zahamena,Antevibe,4,1
847,ANT019,Zahamena,Antevibe,1,1
848,ANT019,Zahamena,Antevibe,4,1
849,ANT019,Zahamena,Antevibe,1,1
850,ANT020,Zahamena,Antevibe,1,3
851,ANT020,Zahamena,Antevibe,4,3
852,ANT021,Zahamena,Antevibe,1,4
853,ANT021,Zahamena,Antevibe,4,1
854,ANT021,Zahamena,Antevibe,4,1
855,ANT021,Zahamena,Antevibe,4,1
856,ANT022,Zahamena,Antevibe,1,1
857,ANT022,Zahamena,Antevibe,4,1
858,ANT023,Zahamena,Antevibe,1,1
859,ANT023,Zahamena,Antevibe,4,1
860,ANT023,Zahamena,Antevibe,4,1
861,ANT024,Zahamena,Antevibe,1,1
862,ANT024,Zahamena,Antevibe,4,1
863,ANT024,Zahamena,Antevibe,4,1
864,ANT025,Zahamena,Antevibe,1,1
865,ANT025,Zahamena,Antevibe,4,1
866,ANT025,Zahamena,Antevibe,4,5
867,ANT025,Zahamena,Antevibe,4,1
868,ANT026,Zahamena,Antevibe,1,1
869,ANT027,Zahamena,Antevibe,1,1
870,ANT027,Zahamena,Antevibe,4,1
871,ANT027,Zahamena,Antevibe,4,1
872,ANT028,Zahamena,Antevibe,1,1
873,ANT028,Zahamena,Antevibe,4,1
874,ANT028,Zahamena,Antevibe,4,1
875,ANT029,Zahamena,Antevibe,1,3
876,ANT029,Zahamena,Antevibe,4,4
877,ANT029,Zahamena,Antevibe,4,3
878,ANT029,Zahamena,Antevibe,4,3
879,ANT030,Zahamena,Antevibe,1,1
880,ANT030,Zahamena,Antevibe,4,1
881,ANT030,Zahamena,Antevibe,4,1
882,ANT030,Zahamena,Antevibe,4,1
883,ANT030,Zahamena,Antevibe,4,1
884,ANT031,Zahamena,Antevibe,1,1
885,ANT031,Zahamena,Antevibe,4,1
886,ANT031,Zahamena,Antevibe,4,1
887,ANT031,Zahamena,Antevibe,4,1
888,ANT031,Zahamena,Antevibe,4,1
889,ANT032,Zahamena,Antevibe,1,5
890,ANT032,Zahamena,Antevibe,4,5
891,ANT032,Zahamena,Antevibe,4,5
892,ANT033,Zahamena,Antevibe,1,1
893,ANT033,Zahamena,Antevibe,4,1
894,ANT033,Zahamena,Antevibe,4,1
895,ANT033,Zahamena,Antevibe,4,1
896,ANT034,Zahamena,Antevibe,1,1
897,ANT034,Zahamena,Antevibe,4,1
898,ANT034,Zahamena,Antevibe,4,1
899,ANT034,Zahamena,Antevibe,4,1
900,ANT035,Zahamena,Antevibe,1,2
901,ANT035,Zahamena,Antevibe,4,1
902,ANT035,Zahamena,Antevibe,4,1
903,ANT035,Zahamena,Antevibe,4,1
904,ANT036,Zahamena,Antevibe,1,3
905,ANT036,Zahamena,Antevibe,4,3
906,ANT036,Zahamena,Antevibe,4,3
907,ANT036,Zahamena,Antevibe,4,3
908,ANT037,Zahamena,Antevibe,1,1
909,ANT037,Zahamena,Antevibe,1,4
910,ANT037,Zahamena,Antevibe,4,3
911,ANT037,Zahamena,Antevibe,4,1
912,ANT038,Zahamena,Antevibe,1,3
913,ANT038,Zahamena,Antevibe,2,1
914,ANT038,Zahamena,Antevibe,4,3
915,ANT038,Zahamena,Antevibe,4,1
916,ANT038,Zahamena,Antevibe,4,4
917,ANT038,Zahamena,Antevibe,4,4
918,ANT039,Zahamena,Antevibe,1,4
919,ANT039,Zahamena,Antevibe,4,1
920,ANT039,Zahamena,Antevibe,4,4
921,ANT040,Zahamena,Antevibe,1,1
922,ANT040,Zahamena,Antevibe,1,1
923,ANT040,Zahamena,Antevibe,4,1
924,ANT040,Zahamena,Antevibe,4,1
925,ANT040,Zahamena,Antevibe,4,1
926,ANT041,Zahamena,Antevibe,1,1
927,ANT041,Zahamena,Antevibe,4,1
928,ANT041,Zahamena,Antevibe,4,1
929,ANT041,Zahamena,Antevibe,4,1
930,ANT042,Zahamena,Antevibe,4,4
931,ANT043,Zahamena,Antevibe,1,4
932,ANT043,Zahamena,Antevibe,4,4
933,ANT043,Zahamena,Antevibe,4,4
934,ANT044,Zahamena,Antevibe,1,1
935,ANT044,Zahamena,Antevibe,4,4
936,ANT044,Zahamena,Antevibe,4,4
937,ANT044,Zahamena,Antevibe,4,1
938,ANT045,Zahamena,Antevibe,1,4
939,ANT045,Zahamena,Antevibe,1,1
940,ANT045,Zahamena,Antevibe,1,4
941,ANT045,Zahamena,Antevibe,4,1
942,ANT045,Zahamena,Antevibe,4,1
943,ANT045,Zahamena,Antevibe,4,1
944,ANT045,Zahamena,Antevibe,4,4
945,ANT046,Zahamena,Antevibe,1,1
946,ANT046,Zahamena,Antevibe,1,4
947,ANT046,Zahamena,Antevibe,4,3
948,ANT046,Zahamena,Antevibe,4,1
949,ANT046,Zahamena,Antevibe,4,4
950,ANT046,Zahamena,Antevibe,2,1
951,ANT047,Zahamena,Antevibe,1,5
952,ANT047,Zahamena,Antevibe,4,1
953,ANT047,Zahamena,Antevibe,4,4
954,ANT047,Zahamena,Antevibe,4,4
955,ANT048,Zahamena,Antevibe,1,1
956,ANT048,Zahamena,Antevibe,4,1
957,ANT048,Zahamena,Antevibe,4,1
958,ANT048,Zahamena,Antevibe,4,1
959,ANT049,Zahamena,Antevibe,1,3
960,ANT049,Zahamena,Antevibe,4,3
961,ANT049,Zahamena,Antevibe,4,3
962,ANT049,Zahamena,Antevibe,4,3
963,ANT049,Zahamena,Antevibe,4,3
964,ANT049,Zahamena,Antevibe,4,3
965,ANT050,Zahamena,Antevibe,1,1
966,ANT050,Zahamena,Antevibe,4,1
967,ANT051,Zahamena,Antevibe,1,4
968,ANT051,Zahamena,Antevibe,4,4
969,ANT051,Zahamena,Antevibe,4,4
970,ANT051,Zahamena,Antevibe,2,4
971,ANT052,Zahamena,Antevibe,1,1
972,ANT052,Zahamena,Antevibe,4,6
973,ANT052,Zahamena,Antevibe,4,6
974,ANT052,Zahamena,Antevibe,4,1
975,ANT052,Zahamena,Antevibe,4,1
976,ANT053,Zahamena,Antevibe,3,2
977,ANT054,Zahamena,Antevibe,1,1
978,ANT054,Zahamena,Antevibe,4,4
979,ANT054,Zahamena,Antevibe,4,1
980,ANT054,Zahamena,Antevibe,4,3
981,ANT055,Zahamena,Antevibe,1,1
982,ANT055,Zahamena,Antevibe,4,1
983,ANT055,Zahamena,Antevibe,4,1
984,ANT056,Zahamena,Antevibe,1,3
985,ANT056,Zahamena,Antevibe,4,1
986,ANT056,Zahamena,Antevibe,4,1
987,ANT056,Zahamena,Antevibe,4,1
988,ANT056,Zahamena,Antevibe,4,1
989,ANT057,Zahamena,Antevibe,1,2
990,ANT057,Zahamena,Antevibe,4,4
991,ANT057,Zahamena,Antevibe,4,1
992,ANT057,Zahamena,Antevibe,4,1
993,ANT058,Zahamena,Antevibe,1,4
994,ANT058,Zahamena,Antevibe,4,1
995,ANT058,Zahamena,Antevibe,4,3
996,ANT059,Zahamena,Antevibe,4,1
997,ANT059,Zahamena,Antevibe,1,4
998,ANT059,Zahamena,Antevibe,4,1
999,ANT060,Zahamena,Antevibe,1,4
1000,ANT060,Zahamena,Antevibe,4,1
1001,ANT061,Zahamena,Antevibe,1,1
1002,ANT061,Zahamena,Antevibe,4,3
1003,ANT061,Zahamena,Antevibe,4,1
1004,ANT061,Zahamena,Antevibe,4,3
1005,ANT062,Zahamena,Antevibe,1,1
1006,ANT062,Zahamena,Antevibe,4,1
1007,ANT062,Zahamena,Antevibe,4,1
1008,ANT062,Zahamena,Antevibe,4,1
1009,ANT063,Zahamena,Antevibe,1,1
1010,ANT063,Zahamena,Antevibe,4,1
1011,ANT063,Zahamena,Antevibe,4,4
1012,ANT063,Zahamena,Antevibe,2,1
1013,ANT064,Zahamena,Antevibe,1,2
1014,ANT064,Zahamena,Antevibe,1,1
1015,ANT064,Zahamena,Antevibe,4,1
1016,ANT064,Zahamena,Antevibe,4,1
1017,ANT064,Zahamena,Antevibe,4,1
1018,ANT064,Zahamena,Antevibe,4,1
1019,SAH001,Sahavazina,Sahavazina,3,3
1020,SAH002,Sahavazina,Sahavazina,4,1
1021,SAH002,Sahavazina,Sahavazina,3,5
1022,SAH002,Sahavazina,Sahavazina,1,1
1023,SAH003,Sahavazina,Sahavazina,1,5
1024,SAH003,Sahavazina,Sahavazina,4,5
1025,SAH003,Sahavazina,Sahavazina,4,5
1026,SAH003,Sahavazina,Sahavazina,3,5
1027,SAH004,Sahavazina,Sahavazina,1,1
1028,SAH004,Sahavazina,Sahavazina,4,5
1029,SAH004,Sahavazina,Sahavazina,4,5
1030,SAH004,Sahavazina,Sahavazina,3,5
1031,SAH005,Sahavazina,Sahavazina,4,5
1032,SAH005,Sahavazina,Sahavazina,4,1
1033,SAH006,Sahavazina,Sahavazina,1,4
1034,SAH006,Sahavazina,Sahavazina,4,4
1035,SAH006,Sahavazina,Sahavazina,4,4
1036,SAH006,Sahavazina,Sahavazina,4,4
1037,SAH006,Sahavazina,Sahavazina,4,4
1038,SAH006,Sahavazina,Sahavazina,4,4
1039,SAH007,Sahavazina,Sahavazina,3,2
1040,SAH007,Sahavazina,Sahavazina,4,3
1041,SAH007,Sahavazina,Sahavazina,4,3
1042,SAH007,Sahavazina,Sahavazina,1,2
1043,SAH008,Sahavazina,Sahavazina,1,1
1044,SAH008,Sahavazina,Sahavazina,4,1
1045,SAH008,Sahavazina,Sahavazina,4,1
1046,SAH008,Sahavazina,Sahavazina,4,1
1047,SAH008,Sahavazina,Sahavazina,4,4
1048,SAH008,Sahavazina,Sahavazina,4,4
1049,SAH008,Sahavazina,Sahavazina,1,1
1050,SAH009,Sahavazina,Sahavazina,3,3
1051,SAH009,Sahavazina,Sahavazina,4,3
1052,SAH009,Sahavazina,Sahavazina,4,6
1053,SAH009,Sahavazina,Sahavazina,1,3
1054,SAH010,Sahavazina,Sahavazina,1,3
1055,SAH010,Sahavazina,Sahavazina,4,1
1056,SAH010,Sahavazina,Sahavazina,4,5
1057,SAH010,Sahavazina,Sahavazina,4,3
1058,SAH011,Sahavazina,Sahavazina,1,5
1059,SAH011,Sahavazina,Sahavazina,4,5
1060,SAH012,Sahavazina,Sahavazina,1,1
1061,SAH012,Sahavazina,Sahavazina,4,1
1062,SAH013,Sahavazina,Sahavazina,3,1
1063,SAH013,Sahavazina,Sahavazina,4,1
1064,SAH013,Sahavazina,Sahavazina,1,4
1065,SAH014,Sahavazina,Sahavazina,1,4
1066,SAH014,Sahavazina,Sahavazina,3,2
1067,SAH015,Sahavazina,Sahavazina,,
1068,SAH016,Sahavazina,Sahavazina,3,1
1069,SAH016,Sahavazina,Sahavazina,4,1
1070,SAH016,Sahavazina,Sahavazina,4,1
1071,SAH017,Sahavazina,Sahavazina,3,5
1072,SAH017,Sahavazina,Sahavazina,4,5
1073,SAH017,Sahavazina,Sahavazina,4,5
1074,SAH017,Sahavazina,Sahavazina,1,4
1075,SAH018,Sahavazina,Sahavazina,1,1
1076,SAH018,Sahavazina,Sahavazina,4,1
1077,SAH018,Sahavazina,Sahavazina,4,1
1078,SAH019,Sahavazina,Sahavazina,1,1
1079,SAH019,Sahavazina,Sahavazina,4,1
1080,SAH019,Sahavazina,Sahavazina,4,1
1081,SAH019,Sahavazina,Sahavazina,4,1
1082,SAH020,Sahavazina,Sahavazina,3,4
1083,SAH020,Sahavazina,Sahavazina,4,4
1084,SAH020,Sahavazina,Sahavazina,4,4
1085,SAH020,Sahavazina,Sahavazina,1,4
1086,SAH020,Sahavazina,Sahavazina,4,4
1087,SAH021,Sahavazina,Sahavazina,1,3
1088,SAH021,Sahavazina,Sahavazina,4,1
1089,SAH021,Sahavazina,Sahavazina,4,1
1090,SAH022,Sahavazina,Sahavazina,1,4
1091,SAH022,Sahavazina,Sahavazina,4,1
1092,SAH022,Sahavazina,Sahavazina,4,1
1093,SAH023,Sahavazina,Sahavazina,1,1
1094,SAH023,Sahavazina,Sahavazina,4,1
1095,SAH023,Sahavazina,Sahavazina,3,1
1096,SAH023,Sahavazina,Sahavazina,4,1
1097,SAH024,Sahavazina,Sahavazina,3,1
1098,SAH024,Sahavazina,Sahavazina,1,1
1099,SAH024,Sahavazina,Sahavazina,4,1
1100,SAH024,Sahavazina,Sahavazina,4,1
1101,SAH025,Sahavazina,Sahavazina,1,5
1102,SAH025,Sahavazina,Sahavazina,4,1
1103,SAH026,Sahavazina,Sahavazina,1,1
1104,SAH026,Sahavazina,Sahavazina,4,1
1105,SAH026,Sahavazina,Sahavazina,1,1
1106,SAH026,Sahavazina,Sahavazina,4,1
1107,SAH027,Sahavazina,Sahavazina,3,1
1108,SAH027,Sahavazina,Sahavazina,4,1
1109,SAH027,Sahavazina,Sahavazina,4,1
1110,SAH028,Sahavazina,Sahavazina,1,1
1111,SAH028,Sahavazina,Sahavazina,4,1
1112,SAH028,Sahavazina,Sahavazina,4,1
1113,SAH029,Sahavazina,Sahavazina,3,3
1114,SAH029,Sahavazina,Sahavazina,3,1
1115,SAH029,Sahavazina,Sahavazina,3,1
1116,SAH029,Sahavazina,Sahavazina,3,1
1117,SAH029,Sahavazina,Sahavazina,3,1
1118,SAH030,Sahavazina,Sahavazina,1,1
1119,SAH031,Sahavazina,Sahavazina,3,1
1120,SAH032,Sahavazina,Sahavazina,1,4
1121,SAH032,Sahavazina,Sahavazina,3,1
1122,SAH032,Sahavazina,Sahavazina,4,1
1123,SAH033,Sahavazina,Sahavazina,3,1
1124,SAH033,Sahavazina,Sahavazina,4,1
1125,SAH034,Sahavazina,Sahavazina,1,1
1126,SAH034,Sahavazina,Sahavazina,4,1
1127,SAH035,Sahavazina,Sahavazina,3,1
1128,SAH035,Sahavazina,Sahavazina,4,1
1129,SAH035,Sahavazina,Sahavazina,1,1
1130,SAH036,Sahavazina,Sahavazina,3,1
1131,SAH036,Sahavazina,Sahavazina,4,1
1132,SAH036,Sahavazina,Sahavazina,3,1
1133,SAH036,Sahavazina,Sahavazina,4,1
1134,SAH037,Sahavazina,Sahavazina,3,1
1135,SAH037,Sahavazina,Sahavazina,4,1
1136,SAH037,Sahavazina,Sahavazina,4,1
1137,SAH037,Sahavazina,Sahavazina,4,1
1138,SAH037,Sahavazina,Sahavazina,3,1
1139,SAH038,Sahavazina,Sahavazina,3,1
1140,SAH038,Sahavazina,Sahavazina,4,1
1141,SAH038,Sahavazina,Sahavazina,4,1
1142,SAH038,Sahavazina,Sahavazina,4,1
1143,SAH038,Sahavazina,Sahavazina,4,1
1144,SAH038,Sahavazina,Sahavazina,1,1
1145,SAH039,Sahavazina,Sahavazina,4,1
1146,SAH039,Sahavazina,Sahavazina,3,1
1147,SAH039,Sahavazina,Sahavazina,4,1
1148,SAH039,Sahavazina,Sahavazina,1,1
1149,SAH039,Sahavazina,Sahavazina,3,1
1150,SAH039,Sahavazina,Sahavazina,4,1
1151,SAH039,Sahavazina,Sahavazina,3,1
1152,SAH039,Sahavazina,Sahavazina,4,1
1153,SAH039,Sahavazina,Sahavazina,1,1
1154,SAH040,Sahavazina,Sahavazina,1,5
1155,SAH040,Sahavazina,Sahavazina,4,1
1156,SAH040,Sahavazina,Sahavazina,4,1
1157,SAH040,Sahavazina,Sahavazina,4,1
1158,SAH040,Sahavazina,Sahavazina,3,1
1159,SAH040,Sahavazina,Sahavazina,3,1
1160,SAH041,Sahavazina,Sahavazina,1,5
1161,SAH041,Sahavazina,Sahavazina,4,1
1162,SAH041,Sahavazina,Sahavazina,4,1
1163,SAH042,Sahavazina,Sahavazina,1,4
1164,SAH042,Sahavazina,Sahavazina,4,1
1165,SAH042,Sahavazina,Sahavazina,4,1
1166,SAH042,Sahavazina,Sahavazina,3,4
1167,SAH043,Sahavazina,Sahavazina,1,4
1168,SAH043,Sahavazina,Sahavazina,4,4
1169,SAH043,Sahavazina,Sahavazina,3,5
1170,SAH043,Sahavazina,Sahavazina,4,1
1171,SAH043,Sahavazina,Sahavazina,4,4
1172,SAH044,Sahavazina,Sahavazina,1,1
1173,SAH044,Sahavazina,Sahavazina,4,1
1174,SAH044,Sahavazina,Sahavazina,4,1
1175,SAH044,Sahavazina,Sahavazina,4,1
1176,SAH045,Sahavazina,Sahavazina,1,1
1177,SAH045,Sahavazina,Sahavazina,4,4
1178,SAH045,Sahavazina,Sahavazina,4,1
1179,SAH046,Sahavazina,Sahavazina,1,4
1180,SAH046,Sahavazina,Sahavazina,4,4
1181,SAH047,Sahavazina,Sahavazina,1,1
1182,SAH047,Sahavazina,Sahavazina,4,1
1183,SAH047,Sahavazina,Sahavazina,4,1
1184,SAH047,Sahavazina,Sahavazina,3,5
1185,SAH048,Sahavazina,Sahavazina,1,5
1186,SAH048,Sahavazina,Sahavazina,4,5
1187,SAH048,Sahavazina,Sahavazina,4,5
1188,SAH048,Sahavazina,Sahavazina,4,1
1189,SAH049,Sahavazina,Sahavazina,3,5
1190,SAH049,Sahavazina,Sahavazina,4,5
1191,SAH049,Sahavazina,Sahavazina,4,5
1192,SAH049,Sahavazina,Sahavazina,4,5
1193,SAH049,Sahavazina,Sahavazina,1,5
1194,SAH050,Sahavazina,Sahavazina,1,5
1195,SAH050,Sahavazina,Sahavazina,4,5
1196,SAH050,Sahavazina,Sahavazina,4,1
1197,SAH050,Sahavazina,Sahavazina,3,5
1198,SAH050,Sahavazina,Sahavazina,4,5
1199,SAH050,Sahavazina,Sahavazina,4,5
1200,SAH051,Sahavazina,Sahavazina,3,2
1201,SAH051,Sahavazina,Sahavazina,4,1
1202,SAH051,Sahavazina,Sahavazina,4,4
1203,SAH051,Sahavazina,Sahavazina,4,4
1204,SAH051,Sahavazina,Sahavazina,1,2
1205,SAH052,Sahavazina,Sahavazina,1,4
1206,SAH052,Sahavazina,Sahavazina,4,1
1207,SAH052,Sahavazina,Sahavazina,4,1
1208,SAH052,Sahavazina,Sahavazina,4,1
1209,SAH052,Sahavazina,Sahavazina,3,5
1210,SAH053,Sahavazina,Sahavazina,3,5
1211,SAH053,Sahavazina,Sahavazina,4,1
1212,SAH053,Sahavazina,Sahavazina,4,1
1213,SAH053,Sahavazina,Sahavazina,1,1
1214,SAH053,Sahavazina,Sahavazina,4,1
1215,SAH054,Sahavazina,Sahavazina,1,1
1216,SAH054,Sahavazina,Sahavazina,4,1
1217,SAH054,Sahavazina,Sahavazina,3,1
1218,SAH054,Sahavazina,Sahavazina,1,4
1219,SAH055,Sahavazina,Sahavazina,1,5
1220,SAH055,Sahavazina,Sahavazina,4,5
1221,SAH055,Sahavazina,Sahavazina,4,5
1222,SAH056,Sahavazina,Sahavazina,3,1
1223,SAH057,Sahavazina,Sahavazina,1,1
1224,SAH057,Sahavazina,Sahavazina,1,4
1225,SAH057,Sahavazina,Sahavazina,1,1
1226,SAH058,Sahavazina,Sahavazina,4,1
1227,SAH058,Sahavazina,Sahavazina,1,1
1228,SAH058,Sahavazina,Sahavazina,3,1
1229,SAH059,Sahavazina,Sahavazina,4,1
1230,SAH059,Sahavazina,Sahavazina,3,1
1231,SAH060,Sahavazina,Sahavazina,3,3
1232,SAH061,Sahavazina,Sahavazina,1,1
1233,SAH062,Sahavazina,Sahavazina,1,1
1234,SAH063,Sahavazina,Sahavazina,1,5
1235,SAH063,Sahavazina,Sahavazina,1,5
1236,SAH063,Sahavazina,Sahavazina,4,1
1237,SAH064,Sahavazina,Sahavazina,1,1
1238,SAH064,Sahavazina,Sahavazina,3,1
1239,SAH065,Sahavazina,Sahavazina,2,1
1240,SAH065,Sahavazina,Sahavazina,4,1
1241,SAH065,Sahavazina,Sahavazina,3,1
1242,SAH066,Sahavazina,Sahavazina,3,1
1243,SAH066,Sahavazina,Sahavazina,4,1
1244,SAH066,Sahavazina,Sahavazina,4,1
1245,SAH066,Sahavazina,Sahavazina,4,1
1246,SAH066,Sahavazina,Sahavazina,4,1
1247,SAH066,Sahavazina,Sahavazina,1,1
1248,SAH067,Sahavazina,Sahavazina,3,1
1249,SAH067,Sahavazina,Sahavazina,4,1
1250,SAH067,Sahavazina,Sahavazina,4,1
1251,SAH068,Sahavazina,Sahavazina,3,1
1252,SAH068,Sahavazina,Sahavazina,4,5
1253,SAH068,Sahavazina,Sahavazina,4,5
1254,SAH068,Sahavazina,Sahavazina,4,1
1255,SAH068,Sahavazina,Sahavazina,1,5
1256,SAH069,Sahavazina,Sahavazina,3,5
1257,SAH069,Sahavazina,Sahavazina,4,1
1258,SAH069,Sahavazina,Sahavazina,4,1
1259,SAH069,Sahavazina,Sahavazina,1,1
1260,SAH070,Sahavazina,Sahavazina,3,1
1261,SAH070,Sahavazina,Sahavazina,4,1
1262,SAH070,Sahavazina,Sahavazina,1,1
1263,SAH071,Sahavazina,Sahavazina,3,1
1264,SAH071,Sahavazina,Sahavazina,4,5
1265,SAH071,Sahavazina,Sahavazina,4,1
1266,SAH071,Sahavazina,Sahavazina,3,1
1267,SAH071,Sahavazina,Sahavazina,1,5
1268,SAH072,Sahavazina,Sahavazina,1,4
1269,SAH072,Sahavazina,Sahavazina,4,5
1270,SAH072,Sahavazina,Sahavazina,4,1
1271,SAH072,Sahavazina,Sahavazina,4,5
1272,SAH072,Sahavazina,Sahavazina,3,5
1273,SAH073,Sahavazina,Sahavazina,1,2
1274,SAH074,Sahavazina,Sahavazina,3,1
1275,SAH074,Sahavazina,Sahavazina,1,1
1276,SAH075,Sahavazina,Sahavazina,1,1
1277,SAH076,Sahavazina,Sahavazina,1,1
1278,SAH076,Sahavazina,Sahavazina,4,1
1279,SAH077,Sahavazina,Sahavazina,1,1
1280,SAH078,Sahavazina,Sahavazina,1,1
1281,SAH078,Sahavazina,Sahavazina,4,1
1282,SAH078,Sahavazina,Sahavazina,4,1
1283,SAH078,Sahavazina,Sahavazina,4,1
1284,SAH078,Sahavazina,Sahavazina,3,1
1285,SAH079,Sahavazina,Sahavazina,3,1
1286,SAH079,Sahavazina,Sahavazina,3,1
1287,SAH079,Sahavazina,Sahavazina,4,3
1288,SAH079,Sahavazina,Sahavazina,4,1
1289,SAH079,Sahavazina,Sahavazina,4,1
1290,SAH079,Sahavazina,Sahavazina,3,1
1291,SAH079,Sahavazina,Sahavazina,1,1
1292,SAH080,Sahavazina,Sahavazina,3,1
1293,SAH080,Sahavazina,Sahavazina,4,1
1294,SAH080,Sahavazina,Sahavazina,3,1
1295,SAH080,Sahavazina,Sahavazina,4,1
1296,SAH080,Sahavazina,Sahavazina,4,1
1297,SAH080,Sahavazina,Sahavazina,4,1
1298,SAH080,Sahavazina,Sahavazina,1,2
1299,SAH081,Sahavazina,Sahavazina,1,1
1300,SAH081,Sahavazina,Sahavazina,4,1
1301,SAH081,Sahavazina,Sahavazina,3,1
1302,SAH081,Sahavazina,Sahavazina,3,1
1303,SAH081,Sahavazina,Sahavazina,4,1
1304,SAH081,Sahavazina,Sahavazina,4,1
1305,SAH081,Sahavazina,Sahavazina,4,1
1306,SAH081,Sahavazina,Sahavazina,3,1
1307,SAH081,Sahavazina,Sahavazina,1,1
1308,SAH081,Sahavazina,Sahavazina,4,5
1309,SAH082,Sahavazina,Sahavazina,3,3
1310,SAH082,Sahavazina,Sahavazina,4,1
1311,SAH082,Sahavazina,Sahavazina,3,1
1312,SAH082,Sahavazina,Sahavazina,3,1
1313,SAH082,Sahavazina,Sahavazina,3,1
1314,SAH083,Sahavazina,Sahavazina,3,1
1315,SAH083,Sahavazina,Sahavazina,4,1
1316,SAH083,Sahavazina,Sahavazina,4,1
1317,SAH084,Sahavazina,Sahavazina,3,1
1318,SAH084,Sahavazina,Sahavazina,4,1
1319,SAH084,Sahavazina,Sahavazina,4,1
1320,SAH084,Sahavazina,Sahavazina,4,1
1321,SAH084,Sahavazina,Sahavazina,1,1
1322,SAH085,Sahavazina,Sahavazina,3,1
1323,SAH085,Sahavazina,Sahavazina,4,1
1324,SAH085,Sahavazina,Sahavazina,4,1
1325,SAH085,Sahavazina,Sahavazina,1,1
1326,SAH086,Sahavazina,Sahavazina,1,3
1327,SAH086,Sahavazina,Sahavazina,4,5
1328,SAH086,Sahavazina,Sahavazina,4,1
1329,SAH086,Sahavazina,Sahavazina,3,3
1330,SAH087,Sahavazina,Sahavazina,1,1
1331,SAH087,Sahavazina,Sahavazina,4,1
1332,SAH087,Sahavazina,Sahavazina,3,1
1333,SAH088,Sahavazina,Sahavazina,3,3
1334,SAH088,Sahavazina,Sahavazina,4,3
1335,SAH088,Sahavazina,Sahavazina,4,1
1336,SAH088,Sahavazina,Sahavazina,1,3
1337,SAH089,Sahavazina,Sahavazina,1,2
1338,SAH089,Sahavazina,Sahavazina,4,2
1339,SAH089,Sahavazina,Sahavazina,1,2
1340,SAH090,Sahavazina,Sahavazina,1,1
1341,SAH090,Sahavazina,Sahavazina,4,1
1342,SAH090,Sahavazina,Sahavazina,3,1
1343,SAH090,Sahavazina,Sahavazina,4,1
1344,SAH091,Sahavazina,Sahavazina,1,1
1345,SAH091,Sahavazina,Sahavazina,4,1
1346,SAH092,Sahavazina,Sahavazina,1,1
1347,SAH092,Sahavazina,Sahavazina,3,4
1348,SAH092,Sahavazina,Sahavazina,4,1
1349,SAH092,Sahavazina,Sahavazina,4,1
1350,SAH092,Sahavazina,Sahavazina,4,4
1351,SAH092,Sahavazina,Sahavazina,4,4
1352,SAH092,Sahavazina,Sahavazina,2,4
1353,SAH092,Sahavazina,Sahavazina,4,4
1354,SAH092,Sahavazina,Sahavazina,4,1
1355,SAH093,Sahavazina,Sahavazina,3,1
1356,SAH094,Sahavazina,Sahavazina,3,1
1357,SAH094,Sahavazina,Sahavazina,4,3
1358,SAH094,Sahavazina,Sahavazina,4,4
1359,SAH094,Sahavazina,Sahavazina,4,1
1360,SAH094,Sahavazina,Sahavazina,1,2
1361,SAH095,Sahavazina,Sahavazina,3,4
1362,SAH095,Sahavazina,Sahavazina,4,1
1363,SAH095,Sahavazina,Sahavazina,4,1
1364,SAH095,Sahavazina,Sahavazina,4,1
1365,SAH095,Sahavazina,Sahavazina,1,1
1366,VBA001,Mantadia,Vohibazaha,1,1
1367,VBA001,Mantadia,Vohibazaha,2,3
1368,VBA001,Mantadia,Vohibazaha,4,1
1369,VBA002,Mantadia,Vohibazaha,1,1
1370,VBA002,Mantadia,Vohibazaha,2,1
1371,VBA002,Mantadia,Vohibazaha,2,1
1372,VBA002,Mantadia,Vohibazaha,2,1
1373,VBA003,Mantadia,Vohibazaha,2,1
1374,VBA003,Mantadia,Vohibazaha,4,1
1375,VBA004,Mantadia,Vohibazaha,1,1
1376,VBA004,Mantadia,Vohibazaha,1,1
1377,VBA005,Mantadia,Vohibazaha,1,4
1378,VBA005,Mantadia,Vohibazaha,2,1
1379,VBA006,Mantadia,Vohibazaha,1,1
1380,VBA006,Mantadia,Vohibazaha,4,1
1381,VBA007,Mantadia,Vohibazaha,1,5
1382,VBA007,Mantadia,Vohibazaha,1,5
1383,VBA008,Mantadia,Vohibazaha,1,1
1384,VBA008,Mantadia,Vohibazaha,4,1
1385,VBA008,Mantadia,Vohibazaha,4,1
1386,VBA009,Mantadia,Vohibazaha,1,1
1387,VBA009,Mantadia,Vohibazaha,2,1
1388,VBA009,Mantadia,Vohibazaha,4,1
1389,VBA010,Mantadia,Vohibazaha,1,1
1390,VBA010,Mantadia,Vohibazaha,4,5
1391,VBA011,Mantadia,Vohibazaha,1,5
1392,VBA011,Mantadia,Vohibazaha,4,1
1393,VBA012,Mantadia,Vohibazaha,2,1
1394,VBA012,Mantadia,Vohibazaha,2,1
1395,VBA013,Mantadia,Vohibazaha,1,1
1396,VBA013,Mantadia,Vohibazaha,1,1
1397,VBA013,Mantadia,Vohibazaha,2,1
1398,VBA014,Mantadia,Vohibazaha,1,1
1399,VBA015,Mantadia,Vohibazaha,1,1
1400,VBA015,Mantadia,Vohibazaha,1,1
1401,VBA016,Mantadia,Vohibazaha,1,1
1402,VBA016,Mantadia,Vohibazaha,1,1
1403,VBA017,Mantadia,Vohibazaha,1,1
1404,VBA017,Mantadia,Vohibazaha,3,5
1405,VBA017,Mantadia,Vohibazaha,4,1
1406,VBA017,Mantadia,Vohibazaha,4,5
1407,VBA018,Mantadia,Vohibazaha,1,1
1408,VBA018,Mantadia,Vohibazaha,4,1
1409,VBA018,Mantadia,Vohibazaha,4,1
1410,VBA019,Mantadia,Vohibazaha,1,1
1411,VBA019,Mantadia,Vohibazaha,2,1
1412,VBA020,Mantadia,Vohibazaha,1,1
1413,VBA020,Mantadia,Vohibazaha,4,5
1414,VBA021,Mantadia,Vohibazaha,1,1
1415,VBA021,Mantadia,Vohibazaha,1,1
1416,VBA021,Mantadia,Vohibazaha,4,1
1417,VBA021,Mantadia,Vohibazaha,4,1
1418,VBA022,Mantadia,Vohibazaha,1,5
1419,VBA022,Mantadia,Vohibazaha,1,1
1420,VBA022,Mantadia,Vohibazaha,4,1
1421,VBA022,Mantadia,Vohibazaha,4,1
1422,VBA022,Mantadia,Vohibazaha,4,1
1423,VBA023,Mantadia,Vohibazaha,1,1
1424,VBA023,Mantadia,Vohibazaha,1,1
1425,VBA023,Mantadia,Vohibazaha,3,1
1426,VBA023,Mantadia,Vohibazaha,3,1
1427,VBA023,Mantadia,Vohibazaha,4,1
1428,VBA023,Mantadia,Vohibazaha,4,1
1429,VBA023,Mantadia,Vohibazaha,4,1
1430,VBA023,Mantadia,Vohibazaha,4,1
1431,VBA024,Mantadia,Vohibazaha,1,1
1432,VBA024,Mantadia,Vohibazaha,1,1
1433,VBA024,Mantadia,Vohibazaha,4,1
1434,VBA024,Mantadia,Vohibazaha,4,1
1435,VBA024,Mantadia,Vohibazaha,4,1
1436,VBA024,Mantadia,Vohibazaha,4,1
1437,VBA025,Mantadia,Vohibazaha,1,1
1438,VBA025,Mantadia,Vohibazaha,4,1
1439,VBA025,Mantadia,Vohibazaha,4,1
1440,VBA025,Mantadia,Vohibazaha,4,1
1441,VBA026,Mantadia,Vohibazaha,1,5
1442,VBA026,Mantadia,Vohibazaha,1,5
1443,VBA026,Mantadia,Vohibazaha,4,1
1444,VBA026,Mantadia,Vohibazaha,4,1
1445,VBA026,Mantadia,Vohibazaha,4,1
1446,VBA026,Mantadia,Vohibazaha,4,1
1447,VBA026,Mantadia,Vohibazaha,4,5
1448,VBA026,Mantadia,Vohibazaha,4,5
1449,VBA027,Mantadia,Vohibazaha,1,1
1450,VBA027,Mantadia,Vohibazaha,1,1
1451,VBA027,Mantadia,Vohibazaha,4,1
1452,VBA027,Mantadia,Vohibazaha,4,1
1453,VBA027,Mantadia,Vohibazaha,4,1
1454,VBA028,Mantadia,Vohibazaha,1,1
1455,VBA028,Mantadia,Vohibazaha,2,1
1456,VBA028,Mantadia,Vohibazaha,4,1
1457,VBA028,Mantadia,Vohibazaha,4,1
1458,VBA028,Mantadia,Vohibazaha,4,1
1459,VBA028,Mantadia,Vohibazaha,4,1
1460,VBA029,Mantadia,Vohibazaha,1,1
1461,VBA029,Mantadia,Vohibazaha,4,1
1462,VBA029,Mantadia,Vohibazaha,4,1
1463,VBA029,Mantadia,Vohibazaha,4,1
1464,VBA029,Mantadia,Vohibazaha,4,1
1465,VBA030,Mantadia,Vohibazaha,1,1
1466,VBA030,Mantadia,Vohibazaha,1,1
1467,VBA030,Mantadia,Vohibazaha,3,1
1468,VBA030,Mantadia,Vohibazaha,4,1
1469,VBA031,Mantadia,Vohibazaha,1,1
1470,VBA031,Mantadia,Vohibazaha,1,1
1471,VBA031,Mantadia,Vohibazaha,1,1
1472,VBA031,Mantadia,Vohibazaha,4,1
1473,VBA031,Mantadia,Vohibazaha,4,1
1474,VBA031,Mantadia,Vohibazaha,4,1
1475,VBA031,Mantadia,Vohibazaha,4,1
1476,VBA031,Mantadia,Vohibazaha,4,1
1477,VBA032,Mantadia,Vohibazaha,1,1
1478,VBA032,Mantadia,Vohibazaha,1,1
1479,VBA032,Mantadia,Vohibazaha,3,1
1480,VBA032,Mantadia,Vohibazaha,4,1
1481,VBA032,Mantadia,Vohibazaha,4,1
1482,VBA032,Mantadia,Vohibazaha,4,1
1483,VBA032,Mantadia,Vohibazaha,4,1
1484,VBA033,Mantadia,Vohibazaha,1,1
1485,VBA033,Mantadia,Vohibazaha,1,1
1486,VBA033,Mantadia,Vohibazaha,4,1
1487,VBA033,Mantadia,Vohibazaha,4,1
1488,VBA033,Mantadia,Vohibazaha,4,1
1489,VBA033,Mantadia,Vohibazaha,4,1
1490,VBA034,Mantadia,Vohibazaha,1,1
1491,VBA034,Mantadia,Vohibazaha,1,1
1492,VBA034,Mantadia,Vohibazaha,4,1
1493,VBA034,Mantadia,Vohibazaha,4,1
1494,VBA034,Mantadia,Vohibazaha,4,1
1495,VBA034,Mantadia,Vohibazaha,4,1
1496,VBA035,Mantadia,Vohibazaha,1,1
1497,VBA035,Mantadia,Vohibazaha,1,1
1498,VBA035,Mantadia,Vohibazaha,1,1
1499,VBA035,Mantadia,Vohibazaha,4,1
1500,VBA035,Mantadia,Vohibazaha,4,1
1501,VBA035,Mantadia,Vohibazaha,4,1
1502,VBA035,Mantadia,Vohibazaha,4,1
1503,VBA035,Mantadia,Vohibazaha,4,1
1504,VBA035,Mantadia,Vohibazaha,4,1
1505,VBA036,Mantadia,Vohibazaha,1,1
1506,VBA036,Mantadia,Vohibazaha,1,1
1507,VBA036,Mantadia,Vohibazaha,2,1
1508,VBA036,Mantadia,Vohibazaha,4,1
1509,VBA036,Mantadia,Vohibazaha,4,1
1510,VBA036,Mantadia,Vohibazaha,4,1
1511,VBA036,Mantadia,Vohibazaha,4,1
1512,VBA036,Mantadia,Vohibazaha,4,1
1513,VBA037,Mantadia,Vohibazaha,1,1
1514,VBA037,Mantadia,Vohibazaha,1,1
1515,VBA037,Mantadia,Vohibazaha,4,1
1516,VBA038,Mantadia,Vohibazaha,1,1
1517,VBA038,Mantadia,Vohibazaha,4,1
1518,VBA038,Mantadia,Vohibazaha,4,1
1519,VBA038,Mantadia,Vohibazaha,4,1
1520,VBA038,Mantadia,Vohibazaha,4,1
1521,VBA039,Mantadia,Vohibazaha,1,1
1522,VBA039,Mantadia,Vohibazaha,1,4
1523,VBA039,Mantadia,Vohibazaha,4,1
1524,VBA039,Mantadia,Vohibazaha,4,1
1525,VBA039,Mantadia,Vohibazaha,4,1
1526,VBA040,Mantadia,Vohibazaha,1,4
1527,VBA040,Mantadia,Vohibazaha,4,1
1528,VBA040,Mantadia,Vohibazaha,4,1
1529,VBA040,Mantadia,Vohibazaha,4,1
1530,VBA041,Mantadia,Vohibazaha,1,1
1531,VBA041,Mantadia,Vohibazaha,4,1
1532,VBA041,Mantadia,Vohibazaha,4,1
1533,VBA042,Mantadia,Vohibazaha,1,4
1534,VBA042,Mantadia,Vohibazaha,3,1
1535,VBA042,Mantadia,Vohibazaha,4,1
1536,VBA042,Mantadia,Vohibazaha,4,1
1537,VBA042,Mantadia,Vohibazaha,4,1
1538,VBA043,Mantadia,Vohibazaha,1,5
1539,VBA043,Mantadia,Vohibazaha,4,5
1540,VBA043,Mantadia,Vohibazaha,4,5
1541,VBA043,Mantadia,Vohibazaha,4,5
1542,VBA044,Mantadia,Vohibazaha,1,1
1543,VBA044,Mantadia,Vohibazaha,4,1
1544,VBA044,Mantadia,Vohibazaha,4,1
1545,VBA044,Mantadia,Vohibazaha,4,3
1546,VBA045,Mantadia,Vohibazaha,1,1
1547,VBA045,Mantadia,Vohibazaha,1,1
1548,VBA045,Mantadia,Vohibazaha,4,1
1549,VBA045,Mantadia,Vohibazaha,4,1
1550,VBA045,Mantadia,Vohibazaha,4,1
1551,VBA046,Mantadia,Vohibazaha,1,1
1552,VBA046,Mantadia,Vohibazaha,4,1
1553,VBA046,Mantadia,Vohibazaha,4,1
1554,VBA046,Mantadia,Vohibazaha,4,1
1555,VBA047,Mantadia,Vohibazaha,1,1
1556,VBA047,Mantadia,Vohibazaha,4,1
1557,VBA047,Mantadia,Vohibazaha,4,1
1558,VBA048,Mantadia,Vohibazaha,1,1
1559,VBA048,Mantadia,Vohibazaha,1,1
1560,VBA048,Mantadia,Vohibazaha,4,1
1561,VBA048,Mantadia,Vohibazaha,4,1
1562,VBA048,Mantadia,Vohibazaha,4,1
1563,VBA049,Mantadia,Vohibazaha,1,4
1564,VBA049,Mantadia,Vohibazaha,1,1
1565,VBA049,Mantadia,Vohibazaha,4,1
1566,VBA049,Mantadia,Vohibazaha,4,1
1567,VBA049,Mantadia,Vohibazaha,4,1
1568,VBA050,Mantadia,Vohibazaha,1,1
1569,VBA050,Mantadia,Vohibazaha,3,1
1570,VBA050,Mantadia,Vohibazaha,4,1
1571,VBA050,Mantadia,Vohibazaha,4,1
1572,VBA050,Mantadia,Vohibazaha,4,1
1573,VBA050,Mantadia,Vohibazaha,4,1
1574,VBA051,Mantadia,Vohibazaha,1,1
1575,VBA051,Mantadia,Vohibazaha,4,1
1576,VBA051,Mantadia,Vohibazaha,4,1
1577,VBA051,Mantadia,Vohibazaha,4,1
1578,VBA052,Mantadia,Vohibazaha,3,1
1579,VBA052,Mantadia,Vohibazaha,4,1
1580,VBA052,Mantadia,Vohibazaha,4,1
1581,VBA052,Mantadia,Vohibazaha,4,1
1582,VBA053,Mantadia,Vohibazaha,1,1
1583,VBA053,Mantadia,Vohibazaha,4,1
1584,VBA053,Mantadia,Vohibazaha,4,1
1585,VBA053,Mantadia,Vohibazaha,4,5
1586,VBA054,Mantadia,Vohibazaha,1,1
1587,VBA054,Mantadia,Vohibazaha,4,1
1588,VBA054,Mantadia,Vohibazaha,4,1
1589,VBA055,Mantadia,Vohibazaha,1,1
1590,VBA055,Mantadia,Vohibazaha,3,1
1591,VBA055,Mantadia,Vohibazaha,4,1
1592,VBA055,Mantadia,Vohibazaha,4,1
1593,VBA055,Mantadia,Vohibazaha,4,1
1594,VBA056,Mantadia,Vohibazaha,1,4
1595,VBA056,Mantadia,Vohibazaha,3,1
1596,VBA056,Mantadia,Vohibazaha,4,1
1597,VBA056,Mantadia,Vohibazaha,4,1
1598,VBA056,Mantadia,Vohibazaha,4,1
1599,VBA057,Mantadia,Vohibazaha,1,1
1600,VBA057,Mantadia,Vohibazaha,1,1
1601,VBA057,Mantadia,Vohibazaha,4,1
1602,VVE001,Mantadia,Volove,1,1
1603,VVE001,Mantadia,Volove,1,1
1604,VVE001,Mantadia,Volove,2,1
1605,VVE001,Mantadia,Volove,2,1
1606,VVE002,Mantadia,Volove,1,1
1607,VVE002,Mantadia,Volove,1,1
1608,VVE002,Mantadia,Volove,2,1
1609,VVE003,Mantadia,Volove,1,1
1610,VVE003,Mantadia,Volove,4,1
1611,VVE003,Mantadia,Volove,4,1
1612,VVE003,Mantadia,Volove,4,1
1613,VVE004,Mantadia,Volove,1,1
1614,VVE004,Mantadia,Volove,4,1
1615,VVE004,Mantadia,Volove,4,1
1616,VVE005,Mantadia,Volove,1,1
1617,VVE005,Mantadia,Volove,1,1
1618,VVE005,Mantadia,Volove,1,1
1619,VVE005,Mantadia,Volove,1,1
1620,VVE006,Mantadia,Volove,1,1
1621,VVE006,Mantadia,Volove,1,1
1622,VVE006,Mantadia,Volove,1,1
1623,VVE006,Mantadia,Volove,1,1
1624,VVE006,Mantadia,Volove,1,1
1625,VVE006,Mantadia,Volove,1,1
1626,VVE007,Mantadia,Volove,1,4
1627,VVE007,Mantadia,Volove,1,1
1628,VVE007,Mantadia,Volove,1,1
1629,VVE008,Mantadia,Volove,1,1
1630,VVE008,Mantadia,Volove,2,3
1631,VVE009,Mantadia,Volove,2,1
1632,VVE009,Mantadia,Volove,3,1
1633,VVE009,Mantadia,Volove,4,1
1634,VVE010,Mantadia,Volove,1,1
1635,VVE010,Mantadia,Volove,1,1
1636,VVE010,Mantadia,Volove,3,1
1637,VVE011,Mantadia,Volove,1,1
1638,VVE011,Mantadia,Volove,2,1
1639,VVE011,Mantadia,Volove,4,1
1640,VVE011,Mantadia,Volove,4,1
1641,VVE011,Mantadia,Volove,4,5
1642,VVE012,Mantadia,Volove,1,1
1643,VVE012,Mantadia,Volove,1,1
1644,VVE013,Mantadia,Volove,1,1
1645,VVE013,Mantadia,Volove,4,1
1646,VVE014,Mantadia,Volove,1,1
1647,VVE014,Mantadia,Volove,1,1
1648,VVE014,Mantadia,Volove,4,1
1649,VVE015,Mantadia,Volove,1,1
1650,VVE015,Mantadia,Volove,1,1
1651,VVE016,Mantadia,Volove,1,1
1652,VVE016,Mantadia,Volove,3,5
1653,VVE016,Mantadia,Volove,4,5
1654,VVE017,Mantadia,Volove,1,5
1655,VVE017,Mantadia,Volove,1,5
1656,VVE017,Mantadia,Volove,3,1
1657,VVE018,Mantadia,Volove,1,1
1658,VVE018,Mantadia,Volove,4,1
1659,VVE018,Mantadia,Volove,4,1
1660,VVE018,Mantadia,Volove,4,1
1661,VVE018,Mantadia,Volove,4,1
1662,VVE019,Mantadia,Volove,1,1
1663,VVE019,Mantadia,Volove,4,1
1664,VVE019,Mantadia,Volove,4,1
1665,VVE019,Mantadia,Volove,4,1
1666,VVE019,Mantadia,Volove,4,1
1667,VVE019,Mantadia,Volove,4,1
1668,VVE020,Mantadia,Volove,1,1
1669,VVE020,Mantadia,Volove,4,1
1670,VVE020,Mantadia,Volove,4,1
1671,VVE020,Mantadia,Volove,4,1
1672,VVE020,Mantadia,Volove,4,1
1673,VVE020,Mantadia,Volove,4,1
1674,VVE021,Mantadia,Volove,1,1
1675,VVE021,Mantadia,Volove,1,1
1676,VVE021,Mantadia,Volove,1,1
1677,VVE021,Mantadia,Volove,4,1
1678,VVE021,Mantadia,Volove,4,1
1679,VVE021,Mantadia,Volove,4,1
1680,VVE021,Mantadia,Volove,4,1
1681,VVE021,Mantadia,Volove,4,1
1682,VVE022,Mantadia,Volove,4,1
1683,VVE022,Mantadia,Volove,4,1
1684,VVE022,Mantadia,Volove,4,1
1685,VVE022,Mantadia,Volove,4,1
1686,VVE022,Mantadia,Volove,4,1
1687,VVE023,Mantadia,Volove,1,4
1688,VVE023,Mantadia,Volove,3,1
1689,VVE023,Mantadia,Volove,4,1
1690,VVE023,Mantadia,Volove,4,1
1691,VVE023,Mantadia,Volove,4,1
1692,VVE024,Mantadia,Volove,1,1
1693,VVE024,Mantadia,Volove,1,4
1694,VVE024,Mantadia,Volove,4,1
1695,VVE024,Mantadia,Volove,4,1
1696,VVE025,Mantadia,Volove,1,1
1697,VVE025,Mantadia,Volove,1,1
1698,VVE025,Mantadia,Volove,4,1
1699,VVE025,Mantadia,Volove,4,1
1700,VVE025,Mantadia,Volove,4,1
1701,VVE026,Mantadia,Volove,1,1
1702,VVE026,Mantadia,Volove,1,4
1703,VVE026,Mantadia,Volove,3,1
1704,VVE026,Mantadia,Volove,4,1
1705,VVE026,Mantadia,Volove,4,1
1706,VVE026,Mantadia,Volove,4,1
1707,VVE026,Mantadia,Volove,4,1
1708,VVE026,Mantadia,Volove,4,1
1709,VVE026,Mantadia,Volove,4,1
1710,VVE027,Mantadia,Volove,1,1
1711,VVE027,Mantadia,Volove,4,1
1712,VVE027,Mantadia,Volove,4,1
1713,VVE027,Mantadia,Volove,4,1
1714,VVE027,Mantadia,Volove,4,1
1715,VVE027,Mantadia,Volove,4,1
1716,VVE027,Mantadia,Volove,4,1
1717,VVE028,Mantadia,Volove,1,1
1718,VVE028,Mantadia,Volove,1,1
1719,VVE028,Mantadia,Volove,4,1
1720,VVE028,Mantadia,Volove,4,1
1721,VVE028,Mantadia,Volove,4,1
1722,VVE029,Mantadia,Volove,1,1
1723,VVE029,Mantadia,Volove,4,1
1724,VVE029,Mantadia,Volove,4,1
1725,VVE029,Mantadia,Volove,4,1
1726,VVE029,Mantadia,Volove,4,1
1727,VVE029,Mantadia,Volove,4,1
1728,VVE030,Mantadia,Volove,1,1
1729,VVE030,Mantadia,Volove,4,1
1730,VVE030,Mantadia,Volove,4,1
1731,VVE030,Mantadia,Volove,4,1
1732,VVE031,Mantadia,Volove,2,1
1733,VVE031,Mantadia,Volove,4,1
1734,VVE031,Mantadia,Volove,4,1
1735,VVE031,Mantadia,Volove,4,1
1736,VVE031,Mantadia,Volove,4,1
1737,VVE032,Mantadia,Volove,1,1
1738,VVE032,Mantadia,Volove,3,1
1739,VVE032,Mantadia,Volove,4,1
1740,VVE032,Mantadia,Volove,4,1
1741,VVE032,Mantadia,Volove,4,1
1742,VVE032,Mantadia,Volove,4,1
1743,VVE032,Mantadia,Volove,4,1
1744,VVE032,Mantadia,Volove,4,1
1745,VVE033,Mantadia,Volove,1,1
1746,VVE033,Mantadia,Volove,1,1
1747,VVE033,Mantadia,Volove,4,1
1748,VVE033,Mantadia,Volove,4,1
1749,VVE034,Mantadia,Volove,1,1
1750,VVE034,Mantadia,Volove,4,1
1751,VVE034,Mantadia,Volove,4,1
1752,VVE034,Mantadia,Volove,4,1
1753,VVE035,Mantadia,Volove,1,1
1754,VVE035,Mantadia,Volove,4,1
1755,VVE035,Mantadia,Volove,4,1
1756,VVE035,Mantadia,Volove,4,1
1757,VVE035,Mantadia,Volove,4,1
1758,VVE036,Mantadia,Volove,2,1
1759,VVE036,Mantadia,Volove,3,1
1760,VVE036,Mantadia,Volove,4,1
1761,VVE036,Mantadia,Volove,4,1
1762,VVE036,Mantadia,Volove,4,1
1763,VVE036,Mantadia,Volove,4,1
1764,VVE037,Mantadia,Volove,1,1
1765,VVE037,Mantadia,Volove,3,1
1766,VVE037,Mantadia,Volove,4,1
1767,VVE037,Mantadia,Volove,4,1
1768,VVE037,Mantadia,Volove,4,1
1769,VVE038,Mantadia,Volove,1,2
1770,VVE038,Mantadia,Volove,3,5
1771,VVE038,Mantadia,Volove,4,5
1772,VVE038,Mantadia,Volove,4,5
1773,VVE038,Mantadia,Volove,4,5
1774,VVE039,Mantadia,Volove,1,5
1775,VVE039,Mantadia,Volove,2,1
1776,VVE039,Mantadia,Volove,4,1
1777,VVE039,Mantadia,Volove,4,1
1778,VVE040,Mantadia,Volove,1,1
1779,VVE040,Mantadia,Volove,4,5
1780,VVE040,Mantadia,Volove,4,5
1781,VVE041,Mantadia,Volove,1,1
1782,VVE041,Mantadia,Volove,4,1
1783,VVE041,Mantadia,Volove,4,1
1784,VVE041,Mantadia,Volove,4,1
1785,VVE042,Mantadia,Volove,1,1
1786,VVE042,Mantadia,Volove,4,1
1787,VVE042,Mantadia,Volove,4,1
1788,VVE042,Mantadia,Volove,4,5
1789,VVE043,Mantadia,Volove,1,1
1790,VVE043,Mantadia,Volove,1,5
1791,VVE043,Mantadia,Volove,1,5
1792,VVE043,Mantadia,Volove,4,1
1793,VVE043,Mantadia,Volove,4,1
1794,VVE043,Mantadia,Volove,4,1
1795,VVE043,Mantadia,Volove,4,1
1796,VVE044,Mantadia,Volove,1,1
1797,VVE044,Mantadia,Volove,4,1
1798,VVE044,Mantadia,Volove,4,1
1799,VVE044,Mantadia,Volove,4,1
1800,VVE044,Mantadia,Volove,4,1
1801,VVE045,Mantadia,Volove,2,1
1802,VVE045,Mantadia,Volove,4,4
1803,VVE045,Mantadia,Volove,4,4
1804,VVE045,Mantadia,Volove,4,1
1805,VVE046,Mantadia,Volove,1,1
1806,VVE046,Mantadia,Volove,1,1
1807,VVE046,Mantadia,Volove,4,5
1808,VVE046,Mantadia,Volove,4,5
1809,VVE047,Mantadia,Volove,2,4
1810,VVE047,Mantadia,Volove,2,4
1811,VVE047,Mantadia,Volove,4,4
1812,VVE047,Mantadia,Volove,4,4
1813,VVE047,Mantadia,Volove,4,4
